,Country,Fertility,GDP per capita,Life expectancy,Meat consumption,Median age,Population growth,Sex-ratio,Suicide rate,Urbanization rate,ISO-code,Regional indicator,Happiness Score
0,Afghanistan,4.5,2182.0,64.5,17.3,27.4,2.41,1.03,6.4,26.0,AFG,South Asia,2.566900015
2,Algeria,3.0,16091.0,76.7,18.3,28.1,1.89,1.03,3.3,73.7,DZA,Middle East and North Africa,5.005099773
6,Argentina,2.3,19971.0,76.5,79.7,31.7,0.88,0.98,9.1,92.1,ARG,Latin America and Caribbean,5.974699974
7,Armenia,1.8,11845.0,74.9,27.7,35.1,0.17,0.95,5.7,63.3,ARM,Commonwealth of Independent States,4.676799774
9,Australia,1.7,54799.0,83.3,108.2,38.7,1.6,0.99,11.7,86.2,AUS,North America and ANZ,7.222799778
10,Austria,1.5,55171.0,81.4,94.1,44.0,0.46,0.96,11.4,58.7,AUT,Western Europe,7.294199944
11,Azerbaijan,1.7,19156.0,72.9,15.9,32.3,1.35,0.98,2.6,56.4,AZE,Commonwealth of Independent States,5.164800167
12,Bahrain,2.0,51991.0,77.2,70.7,32.3,1.92,1.53,5.7,89.5,BHR,Middle East and North Africa,6.227300167
13,Bangladesh,2.0,5453.0,72.3,3.1,26.7,1.19,0.97,6.1,38.2,BGD,South Asia,4.832799911
15,Belarus,1.4,21224.0,74.6,58.6,40.0,-0.1,0.87,21.4,79.5,BLR,Commonwealth of Independent States,5.539899826
16,Belgium,1.6,50904.0,81.5,86.1,41.4,0.85,0.97,15.7,98.1,BEL,Western Europe,6.863500118
18,Benin,4.8,3648.0,61.5,16.2,18.2,2.73,0.97,15.7,48.4,BEN,Sub-Saharan Africa,5.21600008
21,Bolivia,2.7,8525.0,71.2,50.0,24.3,1.65,0.98,12.9,70.1,BOL,Latin America and Caribbean,5.747499943
22,Bosnia and Herzegovina,1.3,14894.0,77.3,21.4,42.1,-0.14,0.95,6.4,49.0,BIH,Central and Eastern Europe,5.674099922
23,Botswana,2.9,19388.0,69.3,27.3,24.5,0.86,0.93,11.5,70.9,BWA,Sub-Saharan Africa,3.478899956
24,Brazil,1.7,17106.0,75.7,82.4,32.6,0.87,0.97,6.1,87.1,BRA,Latin America and Caribbean,6.375599861
26,Bulgaria,1.6,26034.0,74.9,69.4,42.7,-0.6,0.95,7.9,75.7,BGR,Central and Eastern Europe,5.101500034
27,Burkina Faso,5.2,2181.0,61.2,11.2,17.3,2.86,0.96,14.8,30.6,BFA,Sub-Saharan Africa,4.768700123
28,Burundi,5.4,724.0,61.2,3.5,17.0,3.19,0.99,15.0,13.7,BDI,Sub-Saharan Africa,3.775300026
29,Cambodia,2.5,5004.0,69.6,13.9,25.3,1.76,0.95,5.9,24.2,KHM,Southeast Asia,4.848400116
30,Cameroon,4.6,4099.0,58.9,14.4,18.5,2.54,0.99,19.5,57.6,CMR,Sub-Saharan Africa,5.084899902
31,Canada,1.5,52144.0,82.3,108.1,42.2,1.14,0.98,10.4,81.6,CAN,North America and ANZ,7.23210001
33,Central African Republic,4.7,864.0,52.8,28.0,19.7,1.99,0.99,11.6,42.2,CAF,Sub-Saharan Africa,3.475899935
34,Chad,5.7,2603.0,54.0,14.3,17.8,3.0,0.98,15.5,23.5,TCD,Sub-Saharan Africa,4.422699928
35,Chile,1.6,27150.0,80.0,66.4,34.4,0.9,0.97,9.7,87.7,CHL,Latin America and Caribbean,6.228499889
36,China,1.7,20984.0,76.7,52.4,37.4,0.49,1.06,8.0,61.4,CHN,East Asia,5.123899937
37,Colombia,1.8,16265.0,77.1,33.9,30.0,1.32,0.98,7.0,81.4,COL,Latin America and Caribbean,6.163400173
38,Comoros,4.2,2898.0,64.1,7.6,19.9,2.44,0.94,11.1,29.4,COM,Sub-Saharan Africa,4.288599968
39,Costa Rica,1.8,18651.0,80.1,40.4,31.3,1.42,1.0,7.5,80.8,CRI,Latin America and Caribbean,7.121399879
40,Croatia,1.5,29207.0,78.3,49.9,43.0,-0.32,0.93,11.5,57.6,HRV,Central and Eastern Europe,5.504700184
43,Cyprus,1.3,42956.0,80.8,131.3,36.8,1.11,1.05,4.5,66.8,CYP,Western Europe,6.15899992
44,Czech Republic,1.7,40585.0,79.2,77.3,42.1,0.18,0.97,10.5,74.1,CZE,Central and Eastern Europe,6.910900116
46,Denmark,1.7,55675.0,80.8,145.9,42.2,0.36,0.99,9.2,88.1,DNK,Western Europe,7.645599842
49,Dominican Republic,2.3,20625.0,73.9,37.8,28.1,1.26,1.02,10.5,82.5,DOM,Latin America and Caribbean,5.689199924
51,Ecuador,2.4,11866.0,76.8,45.0,27.7,1.6,0.99,7.2,64.2,ECU,Latin America and Caribbean,5.925199986
52,Egypt,3.3,14800.0,71.8,22.5,23.9,1.66,1.05,4.4,42.8,EGY,Middle East and North Africa,4.151400089
53,El Salvador,2.0,8593.0,73.1,21.4,27.1,0.66,0.92,13.5,73.4,SLV,Latin America and Caribbean,6.34829998
56,Estonia,1.7,37606.0,78.6,67.4,42.7,-0.04,0.88,14.4,69.2,EST,Central and Eastern Europe,6.021800041
58,Ethiopia,4.2,2702.0,66.2,7.9,17.9,2.58,1.0,11.4,21.7,ETH,Sub-Saharan Africa,4.186200142
61,Finland,1.4,49548.0,81.7,67.4,42.5,0.48,0.97,11.7,85.5,FIN,Western Europe,7.808700085
62,France,1.9,48640.0,82.5,101.1,41.4,0.5,0.96,12.1,81.0,FRA,Western Europe,6.663799763
64,Gabon,4.0,19839.0,66.2,46.0,18.6,2.39,1.08,9.6,90.1,GAB,Sub-Saharan Africa,4.829299927
65,Georgia,2.1,13200.0,73.6,26.0,38.1,0.63,0.92,6.7,59.5,GEO,Commonwealth of Independent States,4.672599792
66,Germany,1.6,55306.0,81.2,82.1,47.1,0.11,0.96,9.1,77.5,DEU,Western Europe,7.075799942
67,Ghana,3.9,7343.0,63.8,9.9,21.1,2.17,0.97,8.7,57.3,GHA,Sub-Saharan Africa,5.147999763
68,Greece,1.4,31616.0,82.1,78.7,44.5,-0.18,0.95,3.8,79.7,GRC,Western Europe,5.514999866
72,Guatemala,2.9,9009.0,74.1,23.8,22.1,2.53,0.99,2.9,51.8,GTM,Latin America and Caribbean,6.398900032
73,Guinea,4.7,2574.0,61.2,6.5,20.1,2.56,1.0,10.5,44.2,GIN,Sub-Saharan Africa,4.949299812
74,Guinea,4.7,2574.0,61.2,6.5,20.1,2.56,1.0,10.5,36.5,GIN,Sub-Saharan Africa,4.949299812
75,Guinea,4.7,2574.0,61.2,6.5,20.1,2.56,1.0,7.4,44.2,GIN,Sub-Saharan Africa,4.949299812
76,Guinea,4.7,2574.0,61.2,6.5,20.1,2.56,1.0,7.4,36.5,GIN,Sub-Saharan Africa,4.949299812
77,Guinea,4.7,2574.0,61.2,6.5,20.1,2.56,0.95,10.5,44.2,GIN,Sub-Saharan Africa,4.949299812
78,Guinea,4.7,2574.0,61.2,6.5,20.1,2.56,0.95,10.5,36.5,GIN,Sub-Saharan Africa,4.949299812
79,Guinea,4.7,2574.0,61.2,6.5,20.1,2.56,0.95,7.4,44.2,GIN,Sub-Saharan Africa,4.949299812
80,Guinea,4.7,2574.0,61.2,6.5,20.1,2.56,0.95,7.4,36.5,GIN,Sub-Saharan Africa,4.949299812
81,Guinea,4.7,2574.0,61.2,6.5,20.1,2.39,1.0,10.5,44.2,GIN,Sub-Saharan Africa,4.949299812
82,Guinea,4.7,2574.0,61.2,6.5,20.1,2.39,1.0,10.5,36.5,GIN,Sub-Saharan Africa,4.949299812
83,Guinea,4.7,2574.0,61.2,6.5,20.1,2.39,1.0,7.4,44.2,GIN,Sub-Saharan Africa,4.949299812
84,Guinea,4.7,2574.0,61.2,6.5,20.1,2.39,1.0,7.4,36.5,GIN,Sub-Saharan Africa,4.949299812
85,Guinea,4.7,2574.0,61.2,6.5,20.1,2.39,0.95,10.5,44.2,GIN,Sub-Saharan Africa,4.949299812
86,Guinea,4.7,2574.0,61.2,6.5,20.1,2.39,0.95,10.5,36.5,GIN,Sub-Saharan Africa,4.949299812
87,Guinea,4.7,2574.0,61.2,6.5,20.1,2.39,0.95,7.4,44.2,GIN,Sub-Saharan Africa,4.949299812
88,Guinea,4.7,2574.0,61.2,6.5,20.1,2.39,0.95,7.4,36.5,GIN,Sub-Saharan Africa,4.949299812
89,Guinea,4.7,2574.0,61.2,6.5,18.9,2.56,1.0,10.5,44.2,GIN,Sub-Saharan Africa,4.949299812
90,Guinea,4.7,2574.0,61.2,6.5,18.9,2.56,1.0,10.5,36.5,GIN,Sub-Saharan Africa,4.949299812
91,Guinea,4.7,2574.0,61.2,6.5,18.9,2.56,1.0,7.4,44.2,GIN,Sub-Saharan Africa,4.949299812
92,Guinea,4.7,2574.0,61.2,6.5,18.9,2.56,1.0,7.4,36.5,GIN,Sub-Saharan Africa,4.949299812
93,Guinea,4.7,2574.0,61.2,6.5,18.9,2.56,0.95,10.5,44.2,GIN,Sub-Saharan Africa,4.949299812
94,Guinea,4.7,2574.0,61.2,6.5,18.9,2.56,0.95,10.5,36.5,GIN,Sub-Saharan Africa,4.949299812
95,Guinea,4.7,2574.0,61.2,6.5,18.9,2.56,0.95,7.4,44.2,GIN,Sub-Saharan Africa,4.949299812
96,Guinea,4.7,2574.0,61.2,6.5,18.9,2.56,0.95,7.4,36.5,GIN,Sub-Saharan Africa,4.949299812
97,Guinea,4.7,2574.0,61.2,6.5,18.9,2.39,1.0,10.5,44.2,GIN,Sub-Saharan Africa,4.949299812
98,Guinea,4.7,2574.0,61.2,6.5,18.9,2.39,1.0,10.5,36.5,GIN,Sub-Saharan Africa,4.949299812
99,Guinea,4.7,2574.0,61.2,6.5,18.9,2.39,1.0,7.4,44.2,GIN,Sub-Saharan Africa,4.949299812
100,Guinea,4.7,2574.0,61.2,6.5,18.9,2.39,1.0,7.4,36.5,GIN,Sub-Saharan Africa,4.949299812
101,Guinea,4.7,2574.0,61.2,6.5,18.9,2.39,0.95,10.5,44.2,GIN,Sub-Saharan Africa,4.949299812
102,Guinea,4.7,2574.0,61.2,6.5,18.9,2.39,0.95,10.5,36.5,GIN,Sub-Saharan Africa,4.949299812
103,Guinea,4.7,2574.0,61.2,6.5,18.9,2.39,0.95,7.4,44.2,GIN,Sub-Saharan Africa,4.949299812
104,Guinea,4.7,2574.0,61.2,6.5,18.9,2.39,0.95,7.4,36.5,GIN,Sub-Saharan Africa,4.949299812
105,Guinea,4.7,2574.0,61.2,13.0,20.1,2.56,1.0,10.5,44.2,GIN,Sub-Saharan Africa,4.949299812
106,Guinea,4.7,2574.0,61.2,13.0,20.1,2.56,1.0,10.5,36.5,GIN,Sub-Saharan Africa,4.949299812
107,Guinea,4.7,2574.0,61.2,13.0,20.1,2.56,1.0,7.4,44.2,GIN,Sub-Saharan Africa,4.949299812
108,Guinea,4.7,2574.0,61.2,13.0,20.1,2.56,1.0,7.4,36.5,GIN,Sub-Saharan Africa,4.949299812
109,Guinea,4.7,2574.0,61.2,13.0,20.1,2.56,0.95,10.5,44.2,GIN,Sub-Saharan Africa,4.949299812
110,Guinea,4.7,2574.0,61.2,13.0,20.1,2.56,0.95,10.5,36.5,GIN,Sub-Saharan Africa,4.949299812
111,Guinea,4.7,2574.0,61.2,13.0,20.1,2.56,0.95,7.4,44.2,GIN,Sub-Saharan Africa,4.949299812
112,Guinea,4.7,2574.0,61.2,13.0,20.1,2.56,0.95,7.4,36.5,GIN,Sub-Saharan Africa,4.949299812
113,Guinea,4.7,2574.0,61.2,13.0,20.1,2.39,1.0,10.5,44.2,GIN,Sub-Saharan Africa,4.949299812
114,Guinea,4.7,2574.0,61.2,13.0,20.1,2.39,1.0,10.5,36.5,GIN,Sub-Saharan Africa,4.949299812
115,Guinea,4.7,2574.0,61.2,13.0,20.1,2.39,1.0,7.4,44.2,GIN,Sub-Saharan Africa,4.949299812
116,Guinea,4.7,2574.0,61.2,13.0,20.1,2.39,1.0,7.4,36.5,GIN,Sub-Saharan Africa,4.949299812
117,Guinea,4.7,2574.0,61.2,13.0,20.1,2.39,0.95,10.5,44.2,GIN,Sub-Saharan Africa,4.949299812
118,Guinea,4.7,2574.0,61.2,13.0,20.1,2.39,0.95,10.5,36.5,GIN,Sub-Saharan Africa,4.949299812
119,Guinea,4.7,2574.0,61.2,13.0,20.1,2.39,0.95,7.4,44.2,GIN,Sub-Saharan Africa,4.949299812
120,Guinea,4.7,2574.0,61.2,13.0,20.1,2.39,0.95,7.4,36.5,GIN,Sub-Saharan Africa,4.949299812
121,Guinea,4.7,2574.0,61.2,13.0,18.9,2.56,1.0,10.5,44.2,GIN,Sub-Saharan Africa,4.949299812
122,Guinea,4.7,2574.0,61.2,13.0,18.9,2.56,1.0,10.5,36.5,GIN,Sub-Saharan Africa,4.949299812
123,Guinea,4.7,2574.0,61.2,13.0,18.9,2.56,1.0,7.4,44.2,GIN,Sub-Saharan Africa,4.949299812
124,Guinea,4.7,2574.0,61.2,13.0,18.9,2.56,1.0,7.4,36.5,GIN,Sub-Saharan Africa,4.949299812
125,Guinea,4.7,2574.0,61.2,13.0,18.9,2.56,0.95,10.5,44.2,GIN,Sub-Saharan Africa,4.949299812
126,Guinea,4.7,2574.0,61.2,13.0,18.9,2.56,0.95,10.5,36.5,GIN,Sub-Saharan Africa,4.949299812
127,Guinea,4.7,2574.0,61.2,13.0,18.9,2.56,0.95,7.4,44.2,GIN,Sub-Saharan Africa,4.949299812
128,Guinea,4.7,2574.0,61.2,13.0,18.9,2.56,0.95,7.4,36.5,GIN,Sub-Saharan Africa,4.949299812
129,Guinea,4.7,2574.0,61.2,13.0,18.9,2.39,1.0,10.5,44.2,GIN,Sub-Saharan Africa,4.949299812
130,Guinea,4.7,2574.0,61.2,13.0,18.9,2.39,1.0,10.5,36.5,GIN,Sub-Saharan Africa,4.949299812
131,Guinea,4.7,2574.0,61.2,13.0,18.9,2.39,1.0,7.4,44.2,GIN,Sub-Saharan Africa,4.949299812
132,Guinea,4.7,2574.0,61.2,13.0,18.9,2.39,1.0,7.4,36.5,GIN,Sub-Saharan Africa,4.949299812
133,Guinea,4.7,2574.0,61.2,13.0,18.9,2.39,0.95,10.5,44.2,GIN,Sub-Saharan Africa,4.949299812
134,Guinea,4.7,2574.0,61.2,13.0,18.9,2.39,0.95,10.5,36.5,GIN,Sub-Saharan Africa,4.949299812
135,Guinea,4.7,2574.0,61.2,13.0,18.9,2.39,0.95,7.4,44.2,GIN,Sub-Saharan Africa,4.949299812
136,Guinea,4.7,2574.0,61.2,13.0,18.9,2.39,0.95,7.4,36.5,GIN,Sub-Saharan Africa,4.949299812
137,Guinea,4.7,2574.0,58.0,6.5,20.1,2.56,1.0,10.5,44.2,GIN,Sub-Saharan Africa,4.949299812
138,Guinea,4.7,2574.0,58.0,6.5,20.1,2.56,1.0,10.5,36.5,GIN,Sub-Saharan Africa,4.949299812
139,Guinea,4.7,2574.0,58.0,6.5,20.1,2.56,1.0,7.4,44.2,GIN,Sub-Saharan Africa,4.949299812
140,Guinea,4.7,2574.0,58.0,6.5,20.1,2.56,1.0,7.4,36.5,GIN,Sub-Saharan Africa,4.949299812
141,Guinea,4.7,2574.0,58.0,6.5,20.1,2.56,0.95,10.5,44.2,GIN,Sub-Saharan Africa,4.949299812
142,Guinea,4.7,2574.0,58.0,6.5,20.1,2.56,0.95,10.5,36.5,GIN,Sub-Saharan Africa,4.949299812
143,Guinea,4.7,2574.0,58.0,6.5,20.1,2.56,0.95,7.4,44.2,GIN,Sub-Saharan Africa,4.949299812
144,Guinea,4.7,2574.0,58.0,6.5,20.1,2.56,0.95,7.4,36.5,GIN,Sub-Saharan Africa,4.949299812
145,Guinea,4.7,2574.0,58.0,6.5,20.1,2.39,1.0,10.5,44.2,GIN,Sub-Saharan Africa,4.949299812
146,Guinea,4.7,2574.0,58.0,6.5,20.1,2.39,1.0,10.5,36.5,GIN,Sub-Saharan Africa,4.949299812
147,Guinea,4.7,2574.0,58.0,6.5,20.1,2.39,1.0,7.4,44.2,GIN,Sub-Saharan Africa,4.949299812
148,Guinea,4.7,2574.0,58.0,6.5,20.1,2.39,1.0,7.4,36.5,GIN,Sub-Saharan Africa,4.949299812
149,Guinea,4.7,2574.0,58.0,6.5,20.1,2.39,0.95,10.5,44.2,GIN,Sub-Saharan Africa,4.949299812
150,Guinea,4.7,2574.0,58.0,6.5,20.1,2.39,0.95,10.5,36.5,GIN,Sub-Saharan Africa,4.949299812
151,Guinea,4.7,2574.0,58.0,6.5,20.1,2.39,0.95,7.4,44.2,GIN,Sub-Saharan Africa,4.949299812
152,Guinea,4.7,2574.0,58.0,6.5,20.1,2.39,0.95,7.4,36.5,GIN,Sub-Saharan Africa,4.949299812
153,Guinea,4.7,2574.0,58.0,6.5,18.9,2.56,1.0,10.5,44.2,GIN,Sub-Saharan Africa,4.949299812
154,Guinea,4.7,2574.0,58.0,6.5,18.9,2.56,1.0,10.5,36.5,GIN,Sub-Saharan Africa,4.949299812
155,Guinea,4.7,2574.0,58.0,6.5,18.9,2.56,1.0,7.4,44.2,GIN,Sub-Saharan Africa,4.949299812
156,Guinea,4.7,2574.0,58.0,6.5,18.9,2.56,1.0,7.4,36.5,GIN,Sub-Saharan Africa,4.949299812
157,Guinea,4.7,2574.0,58.0,6.5,18.9,2.56,0.95,10.5,44.2,GIN,Sub-Saharan Africa,4.949299812
158,Guinea,4.7,2574.0,58.0,6.5,18.9,2.56,0.95,10.5,36.5,GIN,Sub-Saharan Africa,4.949299812
159,Guinea,4.7,2574.0,58.0,6.5,18.9,2.56,0.95,7.4,44.2,GIN,Sub-Saharan Africa,4.949299812
160,Guinea,4.7,2574.0,58.0,6.5,18.9,2.56,0.95,7.4,36.5,GIN,Sub-Saharan Africa,4.949299812
161,Guinea,4.7,2574.0,58.0,6.5,18.9,2.39,1.0,10.5,44.2,GIN,Sub-Saharan Africa,4.949299812
162,Guinea,4.7,2574.0,58.0,6.5,18.9,2.39,1.0,10.5,36.5,GIN,Sub-Saharan Africa,4.949299812
163,Guinea,4.7,2574.0,58.0,6.5,18.9,2.39,1.0,7.4,44.2,GIN,Sub-Saharan Africa,4.949299812
164,Guinea,4.7,2574.0,58.0,6.5,18.9,2.39,1.0,7.4,36.5,GIN,Sub-Saharan Africa,4.949299812
165,Guinea,4.7,2574.0,58.0,6.5,18.9,2.39,0.95,10.5,44.2,GIN,Sub-Saharan Africa,4.949299812
166,Guinea,4.7,2574.0,58.0,6.5,18.9,2.39,0.95,10.5,36.5,GIN,Sub-Saharan Africa,4.949299812
167,Guinea,4.7,2574.0,58.0,6.5,18.9,2.39,0.95,7.4,44.2,GIN,Sub-Saharan Africa,4.949299812
168,Guinea,4.7,2574.0,58.0,6.5,18.9,2.39,0.95,7.4,36.5,GIN,Sub-Saharan Africa,4.949299812
169,Guinea,4.7,2574.0,58.0,13.0,20.1,2.56,1.0,10.5,44.2,GIN,Sub-Saharan Africa,4.949299812
170,Guinea,4.7,2574.0,58.0,13.0,20.1,2.56,1.0,10.5,36.5,GIN,Sub-Saharan Africa,4.949299812
171,Guinea,4.7,2574.0,58.0,13.0,20.1,2.56,1.0,7.4,44.2,GIN,Sub-Saharan Africa,4.949299812
172,Guinea,4.7,2574.0,58.0,13.0,20.1,2.56,1.0,7.4,36.5,GIN,Sub-Saharan Africa,4.949299812
173,Guinea,4.7,2574.0,58.0,13.0,20.1,2.56,0.95,10.5,44.2,GIN,Sub-Saharan Africa,4.949299812
174,Guinea,4.7,2574.0,58.0,13.0,20.1,2.56,0.95,10.5,36.5,GIN,Sub-Saharan Africa,4.949299812
175,Guinea,4.7,2574.0,58.0,13.0,20.1,2.56,0.95,7.4,44.2,GIN,Sub-Saharan Africa,4.949299812
176,Guinea,4.7,2574.0,58.0,13.0,20.1,2.56,0.95,7.4,36.5,GIN,Sub-Saharan Africa,4.949299812
177,Guinea,4.7,2574.0,58.0,13.0,20.1,2.39,1.0,10.5,44.2,GIN,Sub-Saharan Africa,4.949299812
178,Guinea,4.7,2574.0,58.0,13.0,20.1,2.39,1.0,10.5,36.5,GIN,Sub-Saharan Africa,4.949299812
179,Guinea,4.7,2574.0,58.0,13.0,20.1,2.39,1.0,7.4,44.2,GIN,Sub-Saharan Africa,4.949299812
180,Guinea,4.7,2574.0,58.0,13.0,20.1,2.39,1.0,7.4,36.5,GIN,Sub-Saharan Africa,4.949299812
181,Guinea,4.7,2574.0,58.0,13.0,20.1,2.39,0.95,10.5,44.2,GIN,Sub-Saharan Africa,4.949299812
182,Guinea,4.7,2574.0,58.0,13.0,20.1,2.39,0.95,10.5,36.5,GIN,Sub-Saharan Africa,4.949299812
183,Guinea,4.7,2574.0,58.0,13.0,20.1,2.39,0.95,7.4,44.2,GIN,Sub-Saharan Africa,4.949299812
184,Guinea,4.7,2574.0,58.0,13.0,20.1,2.39,0.95,7.4,36.5,GIN,Sub-Saharan Africa,4.949299812
185,Guinea,4.7,2574.0,58.0,13.0,18.9,2.56,1.0,10.5,44.2,GIN,Sub-Saharan Africa,4.949299812
186,Guinea,4.7,2574.0,58.0,13.0,18.9,2.56,1.0,10.5,36.5,GIN,Sub-Saharan Africa,4.949299812
187,Guinea,4.7,2574.0,58.0,13.0,18.9,2.56,1.0,7.4,44.2,GIN,Sub-Saharan Africa,4.949299812
188,Guinea,4.7,2574.0,58.0,13.0,18.9,2.56,1.0,7.4,36.5,GIN,Sub-Saharan Africa,4.949299812
189,Guinea,4.7,2574.0,58.0,13.0,18.9,2.56,0.95,10.5,44.2,GIN,Sub-Saharan Africa,4.949299812
190,Guinea,4.7,2574.0,58.0,13.0,18.9,2.56,0.95,10.5,36.5,GIN,Sub-Saharan Africa,4.949299812
191,Guinea,4.7,2574.0,58.0,13.0,18.9,2.56,0.95,7.4,44.2,GIN,Sub-Saharan Africa,4.949299812
192,Guinea,4.7,2574.0,58.0,13.0,18.9,2.56,0.95,7.4,36.5,GIN,Sub-Saharan Africa,4.949299812
193,Guinea,4.7,2574.0,58.0,13.0,18.9,2.39,1.0,10.5,44.2,GIN,Sub-Saharan Africa,4.949299812
194,Guinea,4.7,2574.0,58.0,13.0,18.9,2.39,1.0,10.5,36.5,GIN,Sub-Saharan Africa,4.949299812
195,Guinea,4.7,2574.0,58.0,13.0,18.9,2.39,1.0,7.4,44.2,GIN,Sub-Saharan Africa,4.949299812
196,Guinea,4.7,2574.0,58.0,13.0,18.9,2.39,1.0,7.4,36.5,GIN,Sub-Saharan Africa,4.949299812
197,Guinea,4.7,2574.0,58.0,13.0,18.9,2.39,0.95,10.5,44.2,GIN,Sub-Saharan Africa,4.949299812
198,Guinea,4.7,2574.0,58.0,13.0,18.9,2.39,0.95,10.5,36.5,GIN,Sub-Saharan Africa,4.949299812
199,Guinea,4.7,2574.0,58.0,13.0,18.9,2.39,0.95,7.4,44.2,GIN,Sub-Saharan Africa,4.949299812
200,Guinea,4.7,2574.0,58.0,13.0,18.9,2.39,0.95,7.4,36.5,GIN,Sub-Saharan Africa,4.949299812
201,Guinea,4.7,2113.0,61.2,6.5,20.1,2.56,1.0,10.5,44.2,GIN,Sub-Saharan Africa,4.949299812
202,Guinea,4.7,2113.0,61.2,6.5,20.1,2.56,1.0,10.5,36.5,GIN,Sub-Saharan Africa,4.949299812
203,Guinea,4.7,2113.0,61.2,6.5,20.1,2.56,1.0,7.4,44.2,GIN,Sub-Saharan Africa,4.949299812
204,Guinea,4.7,2113.0,61.2,6.5,20.1,2.56,1.0,7.4,36.5,GIN,Sub-Saharan Africa,4.949299812
205,Guinea,4.7,2113.0,61.2,6.5,20.1,2.56,0.95,10.5,44.2,GIN,Sub-Saharan Africa,4.949299812
206,Guinea,4.7,2113.0,61.2,6.5,20.1,2.56,0.95,10.5,36.5,GIN,Sub-Saharan Africa,4.949299812
207,Guinea,4.7,2113.0,61.2,6.5,20.1,2.56,0.95,7.4,44.2,GIN,Sub-Saharan Africa,4.949299812
208,Guinea,4.7,2113.0,61.2,6.5,20.1,2.56,0.95,7.4,36.5,GIN,Sub-Saharan Africa,4.949299812
209,Guinea,4.7,2113.0,61.2,6.5,20.1,2.39,1.0,10.5,44.2,GIN,Sub-Saharan Africa,4.949299812
210,Guinea,4.7,2113.0,61.2,6.5,20.1,2.39,1.0,10.5,36.5,GIN,Sub-Saharan Africa,4.949299812
211,Guinea,4.7,2113.0,61.2,6.5,20.1,2.39,1.0,7.4,44.2,GIN,Sub-Saharan Africa,4.949299812
212,Guinea,4.7,2113.0,61.2,6.5,20.1,2.39,1.0,7.4,36.5,GIN,Sub-Saharan Africa,4.949299812
213,Guinea,4.7,2113.0,61.2,6.5,20.1,2.39,0.95,10.5,44.2,GIN,Sub-Saharan Africa,4.949299812
214,Guinea,4.7,2113.0,61.2,6.5,20.1,2.39,0.95,10.5,36.5,GIN,Sub-Saharan Africa,4.949299812
215,Guinea,4.7,2113.0,61.2,6.5,20.1,2.39,0.95,7.4,44.2,GIN,Sub-Saharan Africa,4.949299812
216,Guinea,4.7,2113.0,61.2,6.5,20.1,2.39,0.95,7.4,36.5,GIN,Sub-Saharan Africa,4.949299812
217,Guinea,4.7,2113.0,61.2,6.5,18.9,2.56,1.0,10.5,44.2,GIN,Sub-Saharan Africa,4.949299812
218,Guinea,4.7,2113.0,61.2,6.5,18.9,2.56,1.0,10.5,36.5,GIN,Sub-Saharan Africa,4.949299812
219,Guinea,4.7,2113.0,61.2,6.5,18.9,2.56,1.0,7.4,44.2,GIN,Sub-Saharan Africa,4.949299812
220,Guinea,4.7,2113.0,61.2,6.5,18.9,2.56,1.0,7.4,36.5,GIN,Sub-Saharan Africa,4.949299812
221,Guinea,4.7,2113.0,61.2,6.5,18.9,2.56,0.95,10.5,44.2,GIN,Sub-Saharan Africa,4.949299812
222,Guinea,4.7,2113.0,61.2,6.5,18.9,2.56,0.95,10.5,36.5,GIN,Sub-Saharan Africa,4.949299812
223,Guinea,4.7,2113.0,61.2,6.5,18.9,2.56,0.95,7.4,44.2,GIN,Sub-Saharan Africa,4.949299812
224,Guinea,4.7,2113.0,61.2,6.5,18.9,2.56,0.95,7.4,36.5,GIN,Sub-Saharan Africa,4.949299812
225,Guinea,4.7,2113.0,61.2,6.5,18.9,2.39,1.0,10.5,44.2,GIN,Sub-Saharan Africa,4.949299812
226,Guinea,4.7,2113.0,61.2,6.5,18.9,2.39,1.0,10.5,36.5,GIN,Sub-Saharan Africa,4.949299812
227,Guinea,4.7,2113.0,61.2,6.5,18.9,2.39,1.0,7.4,44.2,GIN,Sub-Saharan Africa,4.949299812
228,Guinea,4.7,2113.0,61.2,6.5,18.9,2.39,1.0,7.4,36.5,GIN,Sub-Saharan Africa,4.949299812
229,Guinea,4.7,2113.0,61.2,6.5,18.9,2.39,0.95,10.5,44.2,GIN,Sub-Saharan Africa,4.949299812
230,Guinea,4.7,2113.0,61.2,6.5,18.9,2.39,0.95,10.5,36.5,GIN,Sub-Saharan Africa,4.949299812
231,Guinea,4.7,2113.0,61.2,6.5,18.9,2.39,0.95,7.4,44.2,GIN,Sub-Saharan Africa,4.949299812
232,Guinea,4.7,2113.0,61.2,6.5,18.9,2.39,0.95,7.4,36.5,GIN,Sub-Saharan Africa,4.949299812
233,Guinea,4.7,2113.0,61.2,13.0,20.1,2.56,1.0,10.5,44.2,GIN,Sub-Saharan Africa,4.949299812
234,Guinea,4.7,2113.0,61.2,13.0,20.1,2.56,1.0,10.5,36.5,GIN,Sub-Saharan Africa,4.949299812
235,Guinea,4.7,2113.0,61.2,13.0,20.1,2.56,1.0,7.4,44.2,GIN,Sub-Saharan Africa,4.949299812
236,Guinea,4.7,2113.0,61.2,13.0,20.1,2.56,1.0,7.4,36.5,GIN,Sub-Saharan Africa,4.949299812
237,Guinea,4.7,2113.0,61.2,13.0,20.1,2.56,0.95,10.5,44.2,GIN,Sub-Saharan Africa,4.949299812
238,Guinea,4.7,2113.0,61.2,13.0,20.1,2.56,0.95,10.5,36.5,GIN,Sub-Saharan Africa,4.949299812
239,Guinea,4.7,2113.0,61.2,13.0,20.1,2.56,0.95,7.4,44.2,GIN,Sub-Saharan Africa,4.949299812
240,Guinea,4.7,2113.0,61.2,13.0,20.1,2.56,0.95,7.4,36.5,GIN,Sub-Saharan Africa,4.949299812
241,Guinea,4.7,2113.0,61.2,13.0,20.1,2.39,1.0,10.5,44.2,GIN,Sub-Saharan Africa,4.949299812
242,Guinea,4.7,2113.0,61.2,13.0,20.1,2.39,1.0,10.5,36.5,GIN,Sub-Saharan Africa,4.949299812
243,Guinea,4.7,2113.0,61.2,13.0,20.1,2.39,1.0,7.4,44.2,GIN,Sub-Saharan Africa,4.949299812
244,Guinea,4.7,2113.0,61.2,13.0,20.1,2.39,1.0,7.4,36.5,GIN,Sub-Saharan Africa,4.949299812
245,Guinea,4.7,2113.0,61.2,13.0,20.1,2.39,0.95,10.5,44.2,GIN,Sub-Saharan Africa,4.949299812
246,Guinea,4.7,2113.0,61.2,13.0,20.1,2.39,0.95,10.5,36.5,GIN,Sub-Saharan Africa,4.949299812
247,Guinea,4.7,2113.0,61.2,13.0,20.1,2.39,0.95,7.4,44.2,GIN,Sub-Saharan Africa,4.949299812
248,Guinea,4.7,2113.0,61.2,13.0,20.1,2.39,0.95,7.4,36.5,GIN,Sub-Saharan Africa,4.949299812
249,Guinea,4.7,2113.0,61.2,13.0,18.9,2.56,1.0,10.5,44.2,GIN,Sub-Saharan Africa,4.949299812
250,Guinea,4.7,2113.0,61.2,13.0,18.9,2.56,1.0,10.5,36.5,GIN,Sub-Saharan Africa,4.949299812
251,Guinea,4.7,2113.0,61.2,13.0,18.9,2.56,1.0,7.4,44.2,GIN,Sub-Saharan Africa,4.949299812
252,Guinea,4.7,2113.0,61.2,13.0,18.9,2.56,1.0,7.4,36.5,GIN,Sub-Saharan Africa,4.949299812
253,Guinea,4.7,2113.0,61.2,13.0,18.9,2.56,0.95,10.5,44.2,GIN,Sub-Saharan Africa,4.949299812
254,Guinea,4.7,2113.0,61.2,13.0,18.9,2.56,0.95,10.5,36.5,GIN,Sub-Saharan Africa,4.949299812
255,Guinea,4.7,2113.0,61.2,13.0,18.9,2.56,0.95,7.4,44.2,GIN,Sub-Saharan Africa,4.949299812
256,Guinea,4.7,2113.0,61.2,13.0,18.9,2.56,0.95,7.4,36.5,GIN,Sub-Saharan Africa,4.949299812
257,Guinea,4.7,2113.0,61.2,13.0,18.9,2.39,1.0,10.5,44.2,GIN,Sub-Saharan Africa,4.949299812
258,Guinea,4.7,2113.0,61.2,13.0,18.9,2.39,1.0,10.5,36.5,GIN,Sub-Saharan Africa,4.949299812
259,Guinea,4.7,2113.0,61.2,13.0,18.9,2.39,1.0,7.4,44.2,GIN,Sub-Saharan Africa,4.949299812
260,Guinea,4.7,2113.0,61.2,13.0,18.9,2.39,1.0,7.4,36.5,GIN,Sub-Saharan Africa,4.949299812
261,Guinea,4.7,2113.0,61.2,13.0,18.9,2.39,0.95,10.5,44.2,GIN,Sub-Saharan Africa,4.949299812
262,Guinea,4.7,2113.0,61.2,13.0,18.9,2.39,0.95,10.5,36.5,GIN,Sub-Saharan Africa,4.949299812
263,Guinea,4.7,2113.0,61.2,13.0,18.9,2.39,0.95,7.4,44.2,GIN,Sub-Saharan Africa,4.949299812
264,Guinea,4.7,2113.0,61.2,13.0,18.9,2.39,0.95,7.4,36.5,GIN,Sub-Saharan Africa,4.949299812
265,Guinea,4.7,2113.0,58.0,6.5,20.1,2.56,1.0,10.5,44.2,GIN,Sub-Saharan Africa,4.949299812
266,Guinea,4.7,2113.0,58.0,6.5,20.1,2.56,1.0,10.5,36.5,GIN,Sub-Saharan Africa,4.949299812
267,Guinea,4.7,2113.0,58.0,6.5,20.1,2.56,1.0,7.4,44.2,GIN,Sub-Saharan Africa,4.949299812
268,Guinea,4.7,2113.0,58.0,6.5,20.1,2.56,1.0,7.4,36.5,GIN,Sub-Saharan Africa,4.949299812
269,Guinea,4.7,2113.0,58.0,6.5,20.1,2.56,0.95,10.5,44.2,GIN,Sub-Saharan Africa,4.949299812
270,Guinea,4.7,2113.0,58.0,6.5,20.1,2.56,0.95,10.5,36.5,GIN,Sub-Saharan Africa,4.949299812
271,Guinea,4.7,2113.0,58.0,6.5,20.1,2.56,0.95,7.4,44.2,GIN,Sub-Saharan Africa,4.949299812
272,Guinea,4.7,2113.0,58.0,6.5,20.1,2.56,0.95,7.4,36.5,GIN,Sub-Saharan Africa,4.949299812
273,Guinea,4.7,2113.0,58.0,6.5,20.1,2.39,1.0,10.5,44.2,GIN,Sub-Saharan Africa,4.949299812
274,Guinea,4.7,2113.0,58.0,6.5,20.1,2.39,1.0,10.5,36.5,GIN,Sub-Saharan Africa,4.949299812
275,Guinea,4.7,2113.0,58.0,6.5,20.1,2.39,1.0,7.4,44.2,GIN,Sub-Saharan Africa,4.949299812
276,Guinea,4.7,2113.0,58.0,6.5,20.1,2.39,1.0,7.4,36.5,GIN,Sub-Saharan Africa,4.949299812
277,Guinea,4.7,2113.0,58.0,6.5,20.1,2.39,0.95,10.5,44.2,GIN,Sub-Saharan Africa,4.949299812
278,Guinea,4.7,2113.0,58.0,6.5,20.1,2.39,0.95,10.5,36.5,GIN,Sub-Saharan Africa,4.949299812
279,Guinea,4.7,2113.0,58.0,6.5,20.1,2.39,0.95,7.4,44.2,GIN,Sub-Saharan Africa,4.949299812
280,Guinea,4.7,2113.0,58.0,6.5,20.1,2.39,0.95,7.4,36.5,GIN,Sub-Saharan Africa,4.949299812
281,Guinea,4.7,2113.0,58.0,6.5,18.9,2.56,1.0,10.5,44.2,GIN,Sub-Saharan Africa,4.949299812
282,Guinea,4.7,2113.0,58.0,6.5,18.9,2.56,1.0,10.5,36.5,GIN,Sub-Saharan Africa,4.949299812
283,Guinea,4.7,2113.0,58.0,6.5,18.9,2.56,1.0,7.4,44.2,GIN,Sub-Saharan Africa,4.949299812
284,Guinea,4.7,2113.0,58.0,6.5,18.9,2.56,1.0,7.4,36.5,GIN,Sub-Saharan Africa,4.949299812
285,Guinea,4.7,2113.0,58.0,6.5,18.9,2.56,0.95,10.5,44.2,GIN,Sub-Saharan Africa,4.949299812
286,Guinea,4.7,2113.0,58.0,6.5,18.9,2.56,0.95,10.5,36.5,GIN,Sub-Saharan Africa,4.949299812
287,Guinea,4.7,2113.0,58.0,6.5,18.9,2.56,0.95,7.4,44.2,GIN,Sub-Saharan Africa,4.949299812
288,Guinea,4.7,2113.0,58.0,6.5,18.9,2.56,0.95,7.4,36.5,GIN,Sub-Saharan Africa,4.949299812
289,Guinea,4.7,2113.0,58.0,6.5,18.9,2.39,1.0,10.5,44.2,GIN,Sub-Saharan Africa,4.949299812
290,Guinea,4.7,2113.0,58.0,6.5,18.9,2.39,1.0,10.5,36.5,GIN,Sub-Saharan Africa,4.949299812
291,Guinea,4.7,2113.0,58.0,6.5,18.9,2.39,1.0,7.4,44.2,GIN,Sub-Saharan Africa,4.949299812
292,Guinea,4.7,2113.0,58.0,6.5,18.9,2.39,1.0,7.4,36.5,GIN,Sub-Saharan Africa,4.949299812
293,Guinea,4.7,2113.0,58.0,6.5,18.9,2.39,0.95,10.5,44.2,GIN,Sub-Saharan Africa,4.949299812
294,Guinea,4.7,2113.0,58.0,6.5,18.9,2.39,0.95,10.5,36.5,GIN,Sub-Saharan Africa,4.949299812
295,Guinea,4.7,2113.0,58.0,6.5,18.9,2.39,0.95,7.4,44.2,GIN,Sub-Saharan Africa,4.949299812
296,Guinea,4.7,2113.0,58.0,6.5,18.9,2.39,0.95,7.4,36.5,GIN,Sub-Saharan Africa,4.949299812
297,Guinea,4.7,2113.0,58.0,13.0,20.1,2.56,1.0,10.5,44.2,GIN,Sub-Saharan Africa,4.949299812
298,Guinea,4.7,2113.0,58.0,13.0,20.1,2.56,1.0,10.5,36.5,GIN,Sub-Saharan Africa,4.949299812
299,Guinea,4.7,2113.0,58.0,13.0,20.1,2.56,1.0,7.4,44.2,GIN,Sub-Saharan Africa,4.949299812
300,Guinea,4.7,2113.0,58.0,13.0,20.1,2.56,1.0,7.4,36.5,GIN,Sub-Saharan Africa,4.949299812
301,Guinea,4.7,2113.0,58.0,13.0,20.1,2.56,0.95,10.5,44.2,GIN,Sub-Saharan Africa,4.949299812
302,Guinea,4.7,2113.0,58.0,13.0,20.1,2.56,0.95,10.5,36.5,GIN,Sub-Saharan Africa,4.949299812
303,Guinea,4.7,2113.0,58.0,13.0,20.1,2.56,0.95,7.4,44.2,GIN,Sub-Saharan Africa,4.949299812
304,Guinea,4.7,2113.0,58.0,13.0,20.1,2.56,0.95,7.4,36.5,GIN,Sub-Saharan Africa,4.949299812
305,Guinea,4.7,2113.0,58.0,13.0,20.1,2.39,1.0,10.5,44.2,GIN,Sub-Saharan Africa,4.949299812
306,Guinea,4.7,2113.0,58.0,13.0,20.1,2.39,1.0,10.5,36.5,GIN,Sub-Saharan Africa,4.949299812
307,Guinea,4.7,2113.0,58.0,13.0,20.1,2.39,1.0,7.4,44.2,GIN,Sub-Saharan Africa,4.949299812
308,Guinea,4.7,2113.0,58.0,13.0,20.1,2.39,1.0,7.4,36.5,GIN,Sub-Saharan Africa,4.949299812
309,Guinea,4.7,2113.0,58.0,13.0,20.1,2.39,0.95,10.5,44.2,GIN,Sub-Saharan Africa,4.949299812
310,Guinea,4.7,2113.0,58.0,13.0,20.1,2.39,0.95,10.5,36.5,GIN,Sub-Saharan Africa,4.949299812
311,Guinea,4.7,2113.0,58.0,13.0,20.1,2.39,0.95,7.4,44.2,GIN,Sub-Saharan Africa,4.949299812
312,Guinea,4.7,2113.0,58.0,13.0,20.1,2.39,0.95,7.4,36.5,GIN,Sub-Saharan Africa,4.949299812
313,Guinea,4.7,2113.0,58.0,13.0,18.9,2.56,1.0,10.5,44.2,GIN,Sub-Saharan Africa,4.949299812
314,Guinea,4.7,2113.0,58.0,13.0,18.9,2.56,1.0,10.5,36.5,GIN,Sub-Saharan Africa,4.949299812
315,Guinea,4.7,2113.0,58.0,13.0,18.9,2.56,1.0,7.4,44.2,GIN,Sub-Saharan Africa,4.949299812
316,Guinea,4.7,2113.0,58.0,13.0,18.9,2.56,1.0,7.4,36.5,GIN,Sub-Saharan Africa,4.949299812
317,Guinea,4.7,2113.0,58.0,13.0,18.9,2.56,0.95,10.5,44.2,GIN,Sub-Saharan Africa,4.949299812
318,Guinea,4.7,2113.0,58.0,13.0,18.9,2.56,0.95,10.5,36.5,GIN,Sub-Saharan Africa,4.949299812
319,Guinea,4.7,2113.0,58.0,13.0,18.9,2.56,0.95,7.4,44.2,GIN,Sub-Saharan Africa,4.949299812
320,Guinea,4.7,2113.0,58.0,13.0,18.9,2.56,0.95,7.4,36.5,GIN,Sub-Saharan Africa,4.949299812
321,Guinea,4.7,2113.0,58.0,13.0,18.9,2.39,1.0,10.5,44.2,GIN,Sub-Saharan Africa,4.949299812
322,Guinea,4.7,2113.0,58.0,13.0,18.9,2.39,1.0,10.5,36.5,GIN,Sub-Saharan Africa,4.949299812
323,Guinea,4.7,2113.0,58.0,13.0,18.9,2.39,1.0,7.4,44.2,GIN,Sub-Saharan Africa,4.949299812
324,Guinea,4.7,2113.0,58.0,13.0,18.9,2.39,1.0,7.4,36.5,GIN,Sub-Saharan Africa,4.949299812
325,Guinea,4.7,2113.0,58.0,13.0,18.9,2.39,0.95,10.5,44.2,GIN,Sub-Saharan Africa,4.949299812
326,Guinea,4.7,2113.0,58.0,13.0,18.9,2.39,0.95,10.5,36.5,GIN,Sub-Saharan Africa,4.949299812
327,Guinea,4.7,2113.0,58.0,13.0,18.9,2.39,0.95,7.4,44.2,GIN,Sub-Saharan Africa,4.949299812
328,Guinea,4.7,2113.0,58.0,13.0,18.9,2.39,0.95,7.4,36.5,GIN,Sub-Saharan Africa,4.949299812
329,Guinea,4.5,2574.0,61.2,6.5,20.1,2.56,1.0,10.5,44.2,GIN,Sub-Saharan Africa,4.949299812
330,Guinea,4.5,2574.0,61.2,6.5,20.1,2.56,1.0,10.5,36.5,GIN,Sub-Saharan Africa,4.949299812
331,Guinea,4.5,2574.0,61.2,6.5,20.1,2.56,1.0,7.4,44.2,GIN,Sub-Saharan Africa,4.949299812
332,Guinea,4.5,2574.0,61.2,6.5,20.1,2.56,1.0,7.4,36.5,GIN,Sub-Saharan Africa,4.949299812
333,Guinea,4.5,2574.0,61.2,6.5,20.1,2.56,0.95,10.5,44.2,GIN,Sub-Saharan Africa,4.949299812
334,Guinea,4.5,2574.0,61.2,6.5,20.1,2.56,0.95,10.5,36.5,GIN,Sub-Saharan Africa,4.949299812
335,Guinea,4.5,2574.0,61.2,6.5,20.1,2.56,0.95,7.4,44.2,GIN,Sub-Saharan Africa,4.949299812
336,Guinea,4.5,2574.0,61.2,6.5,20.1,2.56,0.95,7.4,36.5,GIN,Sub-Saharan Africa,4.949299812
337,Guinea,4.5,2574.0,61.2,6.5,20.1,2.39,1.0,10.5,44.2,GIN,Sub-Saharan Africa,4.949299812
338,Guinea,4.5,2574.0,61.2,6.5,20.1,2.39,1.0,10.5,36.5,GIN,Sub-Saharan Africa,4.949299812
339,Guinea,4.5,2574.0,61.2,6.5,20.1,2.39,1.0,7.4,44.2,GIN,Sub-Saharan Africa,4.949299812
340,Guinea,4.5,2574.0,61.2,6.5,20.1,2.39,1.0,7.4,36.5,GIN,Sub-Saharan Africa,4.949299812
341,Guinea,4.5,2574.0,61.2,6.5,20.1,2.39,0.95,10.5,44.2,GIN,Sub-Saharan Africa,4.949299812
342,Guinea,4.5,2574.0,61.2,6.5,20.1,2.39,0.95,10.5,36.5,GIN,Sub-Saharan Africa,4.949299812
343,Guinea,4.5,2574.0,61.2,6.5,20.1,2.39,0.95,7.4,44.2,GIN,Sub-Saharan Africa,4.949299812
344,Guinea,4.5,2574.0,61.2,6.5,20.1,2.39,0.95,7.4,36.5,GIN,Sub-Saharan Africa,4.949299812
345,Guinea,4.5,2574.0,61.2,6.5,18.9,2.56,1.0,10.5,44.2,GIN,Sub-Saharan Africa,4.949299812
346,Guinea,4.5,2574.0,61.2,6.5,18.9,2.56,1.0,10.5,36.5,GIN,Sub-Saharan Africa,4.949299812
347,Guinea,4.5,2574.0,61.2,6.5,18.9,2.56,1.0,7.4,44.2,GIN,Sub-Saharan Africa,4.949299812
348,Guinea,4.5,2574.0,61.2,6.5,18.9,2.56,1.0,7.4,36.5,GIN,Sub-Saharan Africa,4.949299812
349,Guinea,4.5,2574.0,61.2,6.5,18.9,2.56,0.95,10.5,44.2,GIN,Sub-Saharan Africa,4.949299812
350,Guinea,4.5,2574.0,61.2,6.5,18.9,2.56,0.95,10.5,36.5,GIN,Sub-Saharan Africa,4.949299812
351,Guinea,4.5,2574.0,61.2,6.5,18.9,2.56,0.95,7.4,44.2,GIN,Sub-Saharan Africa,4.949299812
352,Guinea,4.5,2574.0,61.2,6.5,18.9,2.56,0.95,7.4,36.5,GIN,Sub-Saharan Africa,4.949299812
353,Guinea,4.5,2574.0,61.2,6.5,18.9,2.39,1.0,10.5,44.2,GIN,Sub-Saharan Africa,4.949299812
354,Guinea,4.5,2574.0,61.2,6.5,18.9,2.39,1.0,10.5,36.5,GIN,Sub-Saharan Africa,4.949299812
355,Guinea,4.5,2574.0,61.2,6.5,18.9,2.39,1.0,7.4,44.2,GIN,Sub-Saharan Africa,4.949299812
356,Guinea,4.5,2574.0,61.2,6.5,18.9,2.39,1.0,7.4,36.5,GIN,Sub-Saharan Africa,4.949299812
357,Guinea,4.5,2574.0,61.2,6.5,18.9,2.39,0.95,10.5,44.2,GIN,Sub-Saharan Africa,4.949299812
358,Guinea,4.5,2574.0,61.2,6.5,18.9,2.39,0.95,10.5,36.5,GIN,Sub-Saharan Africa,4.949299812
359,Guinea,4.5,2574.0,61.2,6.5,18.9,2.39,0.95,7.4,44.2,GIN,Sub-Saharan Africa,4.949299812
360,Guinea,4.5,2574.0,61.2,6.5,18.9,2.39,0.95,7.4,36.5,GIN,Sub-Saharan Africa,4.949299812
361,Guinea,4.5,2574.0,61.2,13.0,20.1,2.56,1.0,10.5,44.2,GIN,Sub-Saharan Africa,4.949299812
362,Guinea,4.5,2574.0,61.2,13.0,20.1,2.56,1.0,10.5,36.5,GIN,Sub-Saharan Africa,4.949299812
363,Guinea,4.5,2574.0,61.2,13.0,20.1,2.56,1.0,7.4,44.2,GIN,Sub-Saharan Africa,4.949299812
364,Guinea,4.5,2574.0,61.2,13.0,20.1,2.56,1.0,7.4,36.5,GIN,Sub-Saharan Africa,4.949299812
365,Guinea,4.5,2574.0,61.2,13.0,20.1,2.56,0.95,10.5,44.2,GIN,Sub-Saharan Africa,4.949299812
366,Guinea,4.5,2574.0,61.2,13.0,20.1,2.56,0.95,10.5,36.5,GIN,Sub-Saharan Africa,4.949299812
367,Guinea,4.5,2574.0,61.2,13.0,20.1,2.56,0.95,7.4,44.2,GIN,Sub-Saharan Africa,4.949299812
368,Guinea,4.5,2574.0,61.2,13.0,20.1,2.56,0.95,7.4,36.5,GIN,Sub-Saharan Africa,4.949299812
369,Guinea,4.5,2574.0,61.2,13.0,20.1,2.39,1.0,10.5,44.2,GIN,Sub-Saharan Africa,4.949299812
370,Guinea,4.5,2574.0,61.2,13.0,20.1,2.39,1.0,10.5,36.5,GIN,Sub-Saharan Africa,4.949299812
371,Guinea,4.5,2574.0,61.2,13.0,20.1,2.39,1.0,7.4,44.2,GIN,Sub-Saharan Africa,4.949299812
372,Guinea,4.5,2574.0,61.2,13.0,20.1,2.39,1.0,7.4,36.5,GIN,Sub-Saharan Africa,4.949299812
373,Guinea,4.5,2574.0,61.2,13.0,20.1,2.39,0.95,10.5,44.2,GIN,Sub-Saharan Africa,4.949299812
374,Guinea,4.5,2574.0,61.2,13.0,20.1,2.39,0.95,10.5,36.5,GIN,Sub-Saharan Africa,4.949299812
375,Guinea,4.5,2574.0,61.2,13.0,20.1,2.39,0.95,7.4,44.2,GIN,Sub-Saharan Africa,4.949299812
376,Guinea,4.5,2574.0,61.2,13.0,20.1,2.39,0.95,7.4,36.5,GIN,Sub-Saharan Africa,4.949299812
377,Guinea,4.5,2574.0,61.2,13.0,18.9,2.56,1.0,10.5,44.2,GIN,Sub-Saharan Africa,4.949299812
378,Guinea,4.5,2574.0,61.2,13.0,18.9,2.56,1.0,10.5,36.5,GIN,Sub-Saharan Africa,4.949299812
379,Guinea,4.5,2574.0,61.2,13.0,18.9,2.56,1.0,7.4,44.2,GIN,Sub-Saharan Africa,4.949299812
380,Guinea,4.5,2574.0,61.2,13.0,18.9,2.56,1.0,7.4,36.5,GIN,Sub-Saharan Africa,4.949299812
381,Guinea,4.5,2574.0,61.2,13.0,18.9,2.56,0.95,10.5,44.2,GIN,Sub-Saharan Africa,4.949299812
382,Guinea,4.5,2574.0,61.2,13.0,18.9,2.56,0.95,10.5,36.5,GIN,Sub-Saharan Africa,4.949299812
383,Guinea,4.5,2574.0,61.2,13.0,18.9,2.56,0.95,7.4,44.2,GIN,Sub-Saharan Africa,4.949299812
384,Guinea,4.5,2574.0,61.2,13.0,18.9,2.56,0.95,7.4,36.5,GIN,Sub-Saharan Africa,4.949299812
385,Guinea,4.5,2574.0,61.2,13.0,18.9,2.39,1.0,10.5,44.2,GIN,Sub-Saharan Africa,4.949299812
386,Guinea,4.5,2574.0,61.2,13.0,18.9,2.39,1.0,10.5,36.5,GIN,Sub-Saharan Africa,4.949299812
387,Guinea,4.5,2574.0,61.2,13.0,18.9,2.39,1.0,7.4,44.2,GIN,Sub-Saharan Africa,4.949299812
388,Guinea,4.5,2574.0,61.2,13.0,18.9,2.39,1.0,7.4,36.5,GIN,Sub-Saharan Africa,4.949299812
389,Guinea,4.5,2574.0,61.2,13.0,18.9,2.39,0.95,10.5,44.2,GIN,Sub-Saharan Africa,4.949299812
390,Guinea,4.5,2574.0,61.2,13.0,18.9,2.39,0.95,10.5,36.5,GIN,Sub-Saharan Africa,4.949299812
391,Guinea,4.5,2574.0,61.2,13.0,18.9,2.39,0.95,7.4,44.2,GIN,Sub-Saharan Africa,4.949299812
392,Guinea,4.5,2574.0,61.2,13.0,18.9,2.39,0.95,7.4,36.5,GIN,Sub-Saharan Africa,4.949299812
393,Guinea,4.5,2574.0,58.0,6.5,20.1,2.56,1.0,10.5,44.2,GIN,Sub-Saharan Africa,4.949299812
394,Guinea,4.5,2574.0,58.0,6.5,20.1,2.56,1.0,10.5,36.5,GIN,Sub-Saharan Africa,4.949299812
395,Guinea,4.5,2574.0,58.0,6.5,20.1,2.56,1.0,7.4,44.2,GIN,Sub-Saharan Africa,4.949299812
396,Guinea,4.5,2574.0,58.0,6.5,20.1,2.56,1.0,7.4,36.5,GIN,Sub-Saharan Africa,4.949299812
397,Guinea,4.5,2574.0,58.0,6.5,20.1,2.56,0.95,10.5,44.2,GIN,Sub-Saharan Africa,4.949299812
398,Guinea,4.5,2574.0,58.0,6.5,20.1,2.56,0.95,10.5,36.5,GIN,Sub-Saharan Africa,4.949299812
399,Guinea,4.5,2574.0,58.0,6.5,20.1,2.56,0.95,7.4,44.2,GIN,Sub-Saharan Africa,4.949299812
400,Guinea,4.5,2574.0,58.0,6.5,20.1,2.56,0.95,7.4,36.5,GIN,Sub-Saharan Africa,4.949299812
401,Guinea,4.5,2574.0,58.0,6.5,20.1,2.39,1.0,10.5,44.2,GIN,Sub-Saharan Africa,4.949299812
402,Guinea,4.5,2574.0,58.0,6.5,20.1,2.39,1.0,10.5,36.5,GIN,Sub-Saharan Africa,4.949299812
403,Guinea,4.5,2574.0,58.0,6.5,20.1,2.39,1.0,7.4,44.2,GIN,Sub-Saharan Africa,4.949299812
404,Guinea,4.5,2574.0,58.0,6.5,20.1,2.39,1.0,7.4,36.5,GIN,Sub-Saharan Africa,4.949299812
405,Guinea,4.5,2574.0,58.0,6.5,20.1,2.39,0.95,10.5,44.2,GIN,Sub-Saharan Africa,4.949299812
406,Guinea,4.5,2574.0,58.0,6.5,20.1,2.39,0.95,10.5,36.5,GIN,Sub-Saharan Africa,4.949299812
407,Guinea,4.5,2574.0,58.0,6.5,20.1,2.39,0.95,7.4,44.2,GIN,Sub-Saharan Africa,4.949299812
408,Guinea,4.5,2574.0,58.0,6.5,20.1,2.39,0.95,7.4,36.5,GIN,Sub-Saharan Africa,4.949299812
409,Guinea,4.5,2574.0,58.0,6.5,18.9,2.56,1.0,10.5,44.2,GIN,Sub-Saharan Africa,4.949299812
410,Guinea,4.5,2574.0,58.0,6.5,18.9,2.56,1.0,10.5,36.5,GIN,Sub-Saharan Africa,4.949299812
411,Guinea,4.5,2574.0,58.0,6.5,18.9,2.56,1.0,7.4,44.2,GIN,Sub-Saharan Africa,4.949299812
412,Guinea,4.5,2574.0,58.0,6.5,18.9,2.56,1.0,7.4,36.5,GIN,Sub-Saharan Africa,4.949299812
413,Guinea,4.5,2574.0,58.0,6.5,18.9,2.56,0.95,10.5,44.2,GIN,Sub-Saharan Africa,4.949299812
414,Guinea,4.5,2574.0,58.0,6.5,18.9,2.56,0.95,10.5,36.5,GIN,Sub-Saharan Africa,4.949299812
415,Guinea,4.5,2574.0,58.0,6.5,18.9,2.56,0.95,7.4,44.2,GIN,Sub-Saharan Africa,4.949299812
416,Guinea,4.5,2574.0,58.0,6.5,18.9,2.56,0.95,7.4,36.5,GIN,Sub-Saharan Africa,4.949299812
417,Guinea,4.5,2574.0,58.0,6.5,18.9,2.39,1.0,10.5,44.2,GIN,Sub-Saharan Africa,4.949299812
418,Guinea,4.5,2574.0,58.0,6.5,18.9,2.39,1.0,10.5,36.5,GIN,Sub-Saharan Africa,4.949299812
419,Guinea,4.5,2574.0,58.0,6.5,18.9,2.39,1.0,7.4,44.2,GIN,Sub-Saharan Africa,4.949299812
420,Guinea,4.5,2574.0,58.0,6.5,18.9,2.39,1.0,7.4,36.5,GIN,Sub-Saharan Africa,4.949299812
421,Guinea,4.5,2574.0,58.0,6.5,18.9,2.39,0.95,10.5,44.2,GIN,Sub-Saharan Africa,4.949299812
422,Guinea,4.5,2574.0,58.0,6.5,18.9,2.39,0.95,10.5,36.5,GIN,Sub-Saharan Africa,4.949299812
423,Guinea,4.5,2574.0,58.0,6.5,18.9,2.39,0.95,7.4,44.2,GIN,Sub-Saharan Africa,4.949299812
424,Guinea,4.5,2574.0,58.0,6.5,18.9,2.39,0.95,7.4,36.5,GIN,Sub-Saharan Africa,4.949299812
425,Guinea,4.5,2574.0,58.0,13.0,20.1,2.56,1.0,10.5,44.2,GIN,Sub-Saharan Africa,4.949299812
426,Guinea,4.5,2574.0,58.0,13.0,20.1,2.56,1.0,10.5,36.5,GIN,Sub-Saharan Africa,4.949299812
427,Guinea,4.5,2574.0,58.0,13.0,20.1,2.56,1.0,7.4,44.2,GIN,Sub-Saharan Africa,4.949299812
428,Guinea,4.5,2574.0,58.0,13.0,20.1,2.56,1.0,7.4,36.5,GIN,Sub-Saharan Africa,4.949299812
429,Guinea,4.5,2574.0,58.0,13.0,20.1,2.56,0.95,10.5,44.2,GIN,Sub-Saharan Africa,4.949299812
430,Guinea,4.5,2574.0,58.0,13.0,20.1,2.56,0.95,10.5,36.5,GIN,Sub-Saharan Africa,4.949299812
431,Guinea,4.5,2574.0,58.0,13.0,20.1,2.56,0.95,7.4,44.2,GIN,Sub-Saharan Africa,4.949299812
432,Guinea,4.5,2574.0,58.0,13.0,20.1,2.56,0.95,7.4,36.5,GIN,Sub-Saharan Africa,4.949299812
433,Guinea,4.5,2574.0,58.0,13.0,20.1,2.39,1.0,10.5,44.2,GIN,Sub-Saharan Africa,4.949299812
434,Guinea,4.5,2574.0,58.0,13.0,20.1,2.39,1.0,10.5,36.5,GIN,Sub-Saharan Africa,4.949299812
435,Guinea,4.5,2574.0,58.0,13.0,20.1,2.39,1.0,7.4,44.2,GIN,Sub-Saharan Africa,4.949299812
436,Guinea,4.5,2574.0,58.0,13.0,20.1,2.39,1.0,7.4,36.5,GIN,Sub-Saharan Africa,4.949299812
437,Guinea,4.5,2574.0,58.0,13.0,20.1,2.39,0.95,10.5,44.2,GIN,Sub-Saharan Africa,4.949299812
438,Guinea,4.5,2574.0,58.0,13.0,20.1,2.39,0.95,10.5,36.5,GIN,Sub-Saharan Africa,4.949299812
439,Guinea,4.5,2574.0,58.0,13.0,20.1,2.39,0.95,7.4,44.2,GIN,Sub-Saharan Africa,4.949299812
440,Guinea,4.5,2574.0,58.0,13.0,20.1,2.39,0.95,7.4,36.5,GIN,Sub-Saharan Africa,4.949299812
441,Guinea,4.5,2574.0,58.0,13.0,18.9,2.56,1.0,10.5,44.2,GIN,Sub-Saharan Africa,4.949299812
442,Guinea,4.5,2574.0,58.0,13.0,18.9,2.56,1.0,10.5,36.5,GIN,Sub-Saharan Africa,4.949299812
443,Guinea,4.5,2574.0,58.0,13.0,18.9,2.56,1.0,7.4,44.2,GIN,Sub-Saharan Africa,4.949299812
444,Guinea,4.5,2574.0,58.0,13.0,18.9,2.56,1.0,7.4,36.5,GIN,Sub-Saharan Africa,4.949299812
445,Guinea,4.5,2574.0,58.0,13.0,18.9,2.56,0.95,10.5,44.2,GIN,Sub-Saharan Africa,4.949299812
446,Guinea,4.5,2574.0,58.0,13.0,18.9,2.56,0.95,10.5,36.5,GIN,Sub-Saharan Africa,4.949299812
447,Guinea,4.5,2574.0,58.0,13.0,18.9,2.56,0.95,7.4,44.2,GIN,Sub-Saharan Africa,4.949299812
448,Guinea,4.5,2574.0,58.0,13.0,18.9,2.56,0.95,7.4,36.5,GIN,Sub-Saharan Africa,4.949299812
449,Guinea,4.5,2574.0,58.0,13.0,18.9,2.39,1.0,10.5,44.2,GIN,Sub-Saharan Africa,4.949299812
450,Guinea,4.5,2574.0,58.0,13.0,18.9,2.39,1.0,10.5,36.5,GIN,Sub-Saharan Africa,4.949299812
451,Guinea,4.5,2574.0,58.0,13.0,18.9,2.39,1.0,7.4,44.2,GIN,Sub-Saharan Africa,4.949299812
452,Guinea,4.5,2574.0,58.0,13.0,18.9,2.39,1.0,7.4,36.5,GIN,Sub-Saharan Africa,4.949299812
453,Guinea,4.5,2574.0,58.0,13.0,18.9,2.39,0.95,10.5,44.2,GIN,Sub-Saharan Africa,4.949299812
454,Guinea,4.5,2574.0,58.0,13.0,18.9,2.39,0.95,10.5,36.5,GIN,Sub-Saharan Africa,4.949299812
455,Guinea,4.5,2574.0,58.0,13.0,18.9,2.39,0.95,7.4,44.2,GIN,Sub-Saharan Africa,4.949299812
456,Guinea,4.5,2574.0,58.0,13.0,18.9,2.39,0.95,7.4,36.5,GIN,Sub-Saharan Africa,4.949299812
457,Guinea,4.5,2113.0,61.2,6.5,20.1,2.56,1.0,10.5,44.2,GIN,Sub-Saharan Africa,4.949299812
458,Guinea,4.5,2113.0,61.2,6.5,20.1,2.56,1.0,10.5,36.5,GIN,Sub-Saharan Africa,4.949299812
459,Guinea,4.5,2113.0,61.2,6.5,20.1,2.56,1.0,7.4,44.2,GIN,Sub-Saharan Africa,4.949299812
460,Guinea,4.5,2113.0,61.2,6.5,20.1,2.56,1.0,7.4,36.5,GIN,Sub-Saharan Africa,4.949299812
461,Guinea,4.5,2113.0,61.2,6.5,20.1,2.56,0.95,10.5,44.2,GIN,Sub-Saharan Africa,4.949299812
462,Guinea,4.5,2113.0,61.2,6.5,20.1,2.56,0.95,10.5,36.5,GIN,Sub-Saharan Africa,4.949299812
463,Guinea,4.5,2113.0,61.2,6.5,20.1,2.56,0.95,7.4,44.2,GIN,Sub-Saharan Africa,4.949299812
464,Guinea,4.5,2113.0,61.2,6.5,20.1,2.56,0.95,7.4,36.5,GIN,Sub-Saharan Africa,4.949299812
465,Guinea,4.5,2113.0,61.2,6.5,20.1,2.39,1.0,10.5,44.2,GIN,Sub-Saharan Africa,4.949299812
466,Guinea,4.5,2113.0,61.2,6.5,20.1,2.39,1.0,10.5,36.5,GIN,Sub-Saharan Africa,4.949299812
467,Guinea,4.5,2113.0,61.2,6.5,20.1,2.39,1.0,7.4,44.2,GIN,Sub-Saharan Africa,4.949299812
468,Guinea,4.5,2113.0,61.2,6.5,20.1,2.39,1.0,7.4,36.5,GIN,Sub-Saharan Africa,4.949299812
469,Guinea,4.5,2113.0,61.2,6.5,20.1,2.39,0.95,10.5,44.2,GIN,Sub-Saharan Africa,4.949299812
470,Guinea,4.5,2113.0,61.2,6.5,20.1,2.39,0.95,10.5,36.5,GIN,Sub-Saharan Africa,4.949299812
471,Guinea,4.5,2113.0,61.2,6.5,20.1,2.39,0.95,7.4,44.2,GIN,Sub-Saharan Africa,4.949299812
472,Guinea,4.5,2113.0,61.2,6.5,20.1,2.39,0.95,7.4,36.5,GIN,Sub-Saharan Africa,4.949299812
473,Guinea,4.5,2113.0,61.2,6.5,18.9,2.56,1.0,10.5,44.2,GIN,Sub-Saharan Africa,4.949299812
474,Guinea,4.5,2113.0,61.2,6.5,18.9,2.56,1.0,10.5,36.5,GIN,Sub-Saharan Africa,4.949299812
475,Guinea,4.5,2113.0,61.2,6.5,18.9,2.56,1.0,7.4,44.2,GIN,Sub-Saharan Africa,4.949299812
476,Guinea,4.5,2113.0,61.2,6.5,18.9,2.56,1.0,7.4,36.5,GIN,Sub-Saharan Africa,4.949299812
477,Guinea,4.5,2113.0,61.2,6.5,18.9,2.56,0.95,10.5,44.2,GIN,Sub-Saharan Africa,4.949299812
478,Guinea,4.5,2113.0,61.2,6.5,18.9,2.56,0.95,10.5,36.5,GIN,Sub-Saharan Africa,4.949299812
479,Guinea,4.5,2113.0,61.2,6.5,18.9,2.56,0.95,7.4,44.2,GIN,Sub-Saharan Africa,4.949299812
480,Guinea,4.5,2113.0,61.2,6.5,18.9,2.56,0.95,7.4,36.5,GIN,Sub-Saharan Africa,4.949299812
481,Guinea,4.5,2113.0,61.2,6.5,18.9,2.39,1.0,10.5,44.2,GIN,Sub-Saharan Africa,4.949299812
482,Guinea,4.5,2113.0,61.2,6.5,18.9,2.39,1.0,10.5,36.5,GIN,Sub-Saharan Africa,4.949299812
483,Guinea,4.5,2113.0,61.2,6.5,18.9,2.39,1.0,7.4,44.2,GIN,Sub-Saharan Africa,4.949299812
484,Guinea,4.5,2113.0,61.2,6.5,18.9,2.39,1.0,7.4,36.5,GIN,Sub-Saharan Africa,4.949299812
485,Guinea,4.5,2113.0,61.2,6.5,18.9,2.39,0.95,10.5,44.2,GIN,Sub-Saharan Africa,4.949299812
486,Guinea,4.5,2113.0,61.2,6.5,18.9,2.39,0.95,10.5,36.5,GIN,Sub-Saharan Africa,4.949299812
487,Guinea,4.5,2113.0,61.2,6.5,18.9,2.39,0.95,7.4,44.2,GIN,Sub-Saharan Africa,4.949299812
488,Guinea,4.5,2113.0,61.2,6.5,18.9,2.39,0.95,7.4,36.5,GIN,Sub-Saharan Africa,4.949299812
489,Guinea,4.5,2113.0,61.2,13.0,20.1,2.56,1.0,10.5,44.2,GIN,Sub-Saharan Africa,4.949299812
490,Guinea,4.5,2113.0,61.2,13.0,20.1,2.56,1.0,10.5,36.5,GIN,Sub-Saharan Africa,4.949299812
491,Guinea,4.5,2113.0,61.2,13.0,20.1,2.56,1.0,7.4,44.2,GIN,Sub-Saharan Africa,4.949299812
492,Guinea,4.5,2113.0,61.2,13.0,20.1,2.56,1.0,7.4,36.5,GIN,Sub-Saharan Africa,4.949299812
493,Guinea,4.5,2113.0,61.2,13.0,20.1,2.56,0.95,10.5,44.2,GIN,Sub-Saharan Africa,4.949299812
494,Guinea,4.5,2113.0,61.2,13.0,20.1,2.56,0.95,10.5,36.5,GIN,Sub-Saharan Africa,4.949299812
495,Guinea,4.5,2113.0,61.2,13.0,20.1,2.56,0.95,7.4,44.2,GIN,Sub-Saharan Africa,4.949299812
496,Guinea,4.5,2113.0,61.2,13.0,20.1,2.56,0.95,7.4,36.5,GIN,Sub-Saharan Africa,4.949299812
497,Guinea,4.5,2113.0,61.2,13.0,20.1,2.39,1.0,10.5,44.2,GIN,Sub-Saharan Africa,4.949299812
498,Guinea,4.5,2113.0,61.2,13.0,20.1,2.39,1.0,10.5,36.5,GIN,Sub-Saharan Africa,4.949299812
499,Guinea,4.5,2113.0,61.2,13.0,20.1,2.39,1.0,7.4,44.2,GIN,Sub-Saharan Africa,4.949299812
500,Guinea,4.5,2113.0,61.2,13.0,20.1,2.39,1.0,7.4,36.5,GIN,Sub-Saharan Africa,4.949299812
501,Guinea,4.5,2113.0,61.2,13.0,20.1,2.39,0.95,10.5,44.2,GIN,Sub-Saharan Africa,4.949299812
502,Guinea,4.5,2113.0,61.2,13.0,20.1,2.39,0.95,10.5,36.5,GIN,Sub-Saharan Africa,4.949299812
503,Guinea,4.5,2113.0,61.2,13.0,20.1,2.39,0.95,7.4,44.2,GIN,Sub-Saharan Africa,4.949299812
504,Guinea,4.5,2113.0,61.2,13.0,20.1,2.39,0.95,7.4,36.5,GIN,Sub-Saharan Africa,4.949299812
505,Guinea,4.5,2113.0,61.2,13.0,18.9,2.56,1.0,10.5,44.2,GIN,Sub-Saharan Africa,4.949299812
506,Guinea,4.5,2113.0,61.2,13.0,18.9,2.56,1.0,10.5,36.5,GIN,Sub-Saharan Africa,4.949299812
507,Guinea,4.5,2113.0,61.2,13.0,18.9,2.56,1.0,7.4,44.2,GIN,Sub-Saharan Africa,4.949299812
508,Guinea,4.5,2113.0,61.2,13.0,18.9,2.56,1.0,7.4,36.5,GIN,Sub-Saharan Africa,4.949299812
509,Guinea,4.5,2113.0,61.2,13.0,18.9,2.56,0.95,10.5,44.2,GIN,Sub-Saharan Africa,4.949299812
510,Guinea,4.5,2113.0,61.2,13.0,18.9,2.56,0.95,10.5,36.5,GIN,Sub-Saharan Africa,4.949299812
511,Guinea,4.5,2113.0,61.2,13.0,18.9,2.56,0.95,7.4,44.2,GIN,Sub-Saharan Africa,4.949299812
512,Guinea,4.5,2113.0,61.2,13.0,18.9,2.56,0.95,7.4,36.5,GIN,Sub-Saharan Africa,4.949299812
513,Guinea,4.5,2113.0,61.2,13.0,18.9,2.39,1.0,10.5,44.2,GIN,Sub-Saharan Africa,4.949299812
514,Guinea,4.5,2113.0,61.2,13.0,18.9,2.39,1.0,10.5,36.5,GIN,Sub-Saharan Africa,4.949299812
515,Guinea,4.5,2113.0,61.2,13.0,18.9,2.39,1.0,7.4,44.2,GIN,Sub-Saharan Africa,4.949299812
516,Guinea,4.5,2113.0,61.2,13.0,18.9,2.39,1.0,7.4,36.5,GIN,Sub-Saharan Africa,4.949299812
517,Guinea,4.5,2113.0,61.2,13.0,18.9,2.39,0.95,10.5,44.2,GIN,Sub-Saharan Africa,4.949299812
518,Guinea,4.5,2113.0,61.2,13.0,18.9,2.39,0.95,10.5,36.5,GIN,Sub-Saharan Africa,4.949299812
519,Guinea,4.5,2113.0,61.2,13.0,18.9,2.39,0.95,7.4,44.2,GIN,Sub-Saharan Africa,4.949299812
520,Guinea,4.5,2113.0,61.2,13.0,18.9,2.39,0.95,7.4,36.5,GIN,Sub-Saharan Africa,4.949299812
521,Guinea,4.5,2113.0,58.0,6.5,20.1,2.56,1.0,10.5,44.2,GIN,Sub-Saharan Africa,4.949299812
522,Guinea,4.5,2113.0,58.0,6.5,20.1,2.56,1.0,10.5,36.5,GIN,Sub-Saharan Africa,4.949299812
523,Guinea,4.5,2113.0,58.0,6.5,20.1,2.56,1.0,7.4,44.2,GIN,Sub-Saharan Africa,4.949299812
524,Guinea,4.5,2113.0,58.0,6.5,20.1,2.56,1.0,7.4,36.5,GIN,Sub-Saharan Africa,4.949299812
525,Guinea,4.5,2113.0,58.0,6.5,20.1,2.56,0.95,10.5,44.2,GIN,Sub-Saharan Africa,4.949299812
526,Guinea,4.5,2113.0,58.0,6.5,20.1,2.56,0.95,10.5,36.5,GIN,Sub-Saharan Africa,4.949299812
527,Guinea,4.5,2113.0,58.0,6.5,20.1,2.56,0.95,7.4,44.2,GIN,Sub-Saharan Africa,4.949299812
528,Guinea,4.5,2113.0,58.0,6.5,20.1,2.56,0.95,7.4,36.5,GIN,Sub-Saharan Africa,4.949299812
529,Guinea,4.5,2113.0,58.0,6.5,20.1,2.39,1.0,10.5,44.2,GIN,Sub-Saharan Africa,4.949299812
530,Guinea,4.5,2113.0,58.0,6.5,20.1,2.39,1.0,10.5,36.5,GIN,Sub-Saharan Africa,4.949299812
531,Guinea,4.5,2113.0,58.0,6.5,20.1,2.39,1.0,7.4,44.2,GIN,Sub-Saharan Africa,4.949299812
532,Guinea,4.5,2113.0,58.0,6.5,20.1,2.39,1.0,7.4,36.5,GIN,Sub-Saharan Africa,4.949299812
533,Guinea,4.5,2113.0,58.0,6.5,20.1,2.39,0.95,10.5,44.2,GIN,Sub-Saharan Africa,4.949299812
534,Guinea,4.5,2113.0,58.0,6.5,20.1,2.39,0.95,10.5,36.5,GIN,Sub-Saharan Africa,4.949299812
535,Guinea,4.5,2113.0,58.0,6.5,20.1,2.39,0.95,7.4,44.2,GIN,Sub-Saharan Africa,4.949299812
536,Guinea,4.5,2113.0,58.0,6.5,20.1,2.39,0.95,7.4,36.5,GIN,Sub-Saharan Africa,4.949299812
537,Guinea,4.5,2113.0,58.0,6.5,18.9,2.56,1.0,10.5,44.2,GIN,Sub-Saharan Africa,4.949299812
538,Guinea,4.5,2113.0,58.0,6.5,18.9,2.56,1.0,10.5,36.5,GIN,Sub-Saharan Africa,4.949299812
539,Guinea,4.5,2113.0,58.0,6.5,18.9,2.56,1.0,7.4,44.2,GIN,Sub-Saharan Africa,4.949299812
540,Guinea,4.5,2113.0,58.0,6.5,18.9,2.56,1.0,7.4,36.5,GIN,Sub-Saharan Africa,4.949299812
541,Guinea,4.5,2113.0,58.0,6.5,18.9,2.56,0.95,10.5,44.2,GIN,Sub-Saharan Africa,4.949299812
542,Guinea,4.5,2113.0,58.0,6.5,18.9,2.56,0.95,10.5,36.5,GIN,Sub-Saharan Africa,4.949299812
543,Guinea,4.5,2113.0,58.0,6.5,18.9,2.56,0.95,7.4,44.2,GIN,Sub-Saharan Africa,4.949299812
544,Guinea,4.5,2113.0,58.0,6.5,18.9,2.56,0.95,7.4,36.5,GIN,Sub-Saharan Africa,4.949299812
545,Guinea,4.5,2113.0,58.0,6.5,18.9,2.39,1.0,10.5,44.2,GIN,Sub-Saharan Africa,4.949299812
546,Guinea,4.5,2113.0,58.0,6.5,18.9,2.39,1.0,10.5,36.5,GIN,Sub-Saharan Africa,4.949299812
547,Guinea,4.5,2113.0,58.0,6.5,18.9,2.39,1.0,7.4,44.2,GIN,Sub-Saharan Africa,4.949299812
548,Guinea,4.5,2113.0,58.0,6.5,18.9,2.39,1.0,7.4,36.5,GIN,Sub-Saharan Africa,4.949299812
549,Guinea,4.5,2113.0,58.0,6.5,18.9,2.39,0.95,10.5,44.2,GIN,Sub-Saharan Africa,4.949299812
550,Guinea,4.5,2113.0,58.0,6.5,18.9,2.39,0.95,10.5,36.5,GIN,Sub-Saharan Africa,4.949299812
551,Guinea,4.5,2113.0,58.0,6.5,18.9,2.39,0.95,7.4,44.2,GIN,Sub-Saharan Africa,4.949299812
552,Guinea,4.5,2113.0,58.0,6.5,18.9,2.39,0.95,7.4,36.5,GIN,Sub-Saharan Africa,4.949299812
553,Guinea,4.5,2113.0,58.0,13.0,20.1,2.56,1.0,10.5,44.2,GIN,Sub-Saharan Africa,4.949299812
554,Guinea,4.5,2113.0,58.0,13.0,20.1,2.56,1.0,10.5,36.5,GIN,Sub-Saharan Africa,4.949299812
555,Guinea,4.5,2113.0,58.0,13.0,20.1,2.56,1.0,7.4,44.2,GIN,Sub-Saharan Africa,4.949299812
556,Guinea,4.5,2113.0,58.0,13.0,20.1,2.56,1.0,7.4,36.5,GIN,Sub-Saharan Africa,4.949299812
557,Guinea,4.5,2113.0,58.0,13.0,20.1,2.56,0.95,10.5,44.2,GIN,Sub-Saharan Africa,4.949299812
558,Guinea,4.5,2113.0,58.0,13.0,20.1,2.56,0.95,10.5,36.5,GIN,Sub-Saharan Africa,4.949299812
559,Guinea,4.5,2113.0,58.0,13.0,20.1,2.56,0.95,7.4,44.2,GIN,Sub-Saharan Africa,4.949299812
560,Guinea,4.5,2113.0,58.0,13.0,20.1,2.56,0.95,7.4,36.5,GIN,Sub-Saharan Africa,4.949299812
561,Guinea,4.5,2113.0,58.0,13.0,20.1,2.39,1.0,10.5,44.2,GIN,Sub-Saharan Africa,4.949299812
562,Guinea,4.5,2113.0,58.0,13.0,20.1,2.39,1.0,10.5,36.5,GIN,Sub-Saharan Africa,4.949299812
563,Guinea,4.5,2113.0,58.0,13.0,20.1,2.39,1.0,7.4,44.2,GIN,Sub-Saharan Africa,4.949299812
564,Guinea,4.5,2113.0,58.0,13.0,20.1,2.39,1.0,7.4,36.5,GIN,Sub-Saharan Africa,4.949299812
565,Guinea,4.5,2113.0,58.0,13.0,20.1,2.39,0.95,10.5,44.2,GIN,Sub-Saharan Africa,4.949299812
566,Guinea,4.5,2113.0,58.0,13.0,20.1,2.39,0.95,10.5,36.5,GIN,Sub-Saharan Africa,4.949299812
567,Guinea,4.5,2113.0,58.0,13.0,20.1,2.39,0.95,7.4,44.2,GIN,Sub-Saharan Africa,4.949299812
568,Guinea,4.5,2113.0,58.0,13.0,20.1,2.39,0.95,7.4,36.5,GIN,Sub-Saharan Africa,4.949299812
569,Guinea,4.5,2113.0,58.0,13.0,18.9,2.56,1.0,10.5,44.2,GIN,Sub-Saharan Africa,4.949299812
570,Guinea,4.5,2113.0,58.0,13.0,18.9,2.56,1.0,10.5,36.5,GIN,Sub-Saharan Africa,4.949299812
571,Guinea,4.5,2113.0,58.0,13.0,18.9,2.56,1.0,7.4,44.2,GIN,Sub-Saharan Africa,4.949299812
572,Guinea,4.5,2113.0,58.0,13.0,18.9,2.56,1.0,7.4,36.5,GIN,Sub-Saharan Africa,4.949299812
573,Guinea,4.5,2113.0,58.0,13.0,18.9,2.56,0.95,10.5,44.2,GIN,Sub-Saharan Africa,4.949299812
574,Guinea,4.5,2113.0,58.0,13.0,18.9,2.56,0.95,10.5,36.5,GIN,Sub-Saharan Africa,4.949299812
575,Guinea,4.5,2113.0,58.0,13.0,18.9,2.56,0.95,7.4,44.2,GIN,Sub-Saharan Africa,4.949299812
576,Guinea,4.5,2113.0,58.0,13.0,18.9,2.56,0.95,7.4,36.5,GIN,Sub-Saharan Africa,4.949299812
577,Guinea,4.5,2113.0,58.0,13.0,18.9,2.39,1.0,10.5,44.2,GIN,Sub-Saharan Africa,4.949299812
578,Guinea,4.5,2113.0,58.0,13.0,18.9,2.39,1.0,10.5,36.5,GIN,Sub-Saharan Africa,4.949299812
579,Guinea,4.5,2113.0,58.0,13.0,18.9,2.39,1.0,7.4,44.2,GIN,Sub-Saharan Africa,4.949299812
580,Guinea,4.5,2113.0,58.0,13.0,18.9,2.39,1.0,7.4,36.5,GIN,Sub-Saharan Africa,4.949299812
581,Guinea,4.5,2113.0,58.0,13.0,18.9,2.39,0.95,10.5,44.2,GIN,Sub-Saharan Africa,4.949299812
582,Guinea,4.5,2113.0,58.0,13.0,18.9,2.39,0.95,10.5,36.5,GIN,Sub-Saharan Africa,4.949299812
583,Guinea,4.5,2113.0,58.0,13.0,18.9,2.39,0.95,7.4,44.2,GIN,Sub-Saharan Africa,4.949299812
584,Guinea,4.5,2113.0,58.0,13.0,18.9,2.39,0.95,7.4,36.5,GIN,Sub-Saharan Africa,4.949299812
586,Haiti,2.9,1916.0,63.7,15.3,23.0,1.39,0.98,12.2,57.1,HTI,Latin America and Caribbean,3.720799923
587,Honduras,2.5,5600.0,75.1,24.7,23.0,2.03,0.95,3.4,58.4,HND,Latin America and Caribbean,5.953199863
589,Hungary,1.6,35941.0,76.7,100.7,42.3,-0.28,0.91,13.6,71.9,HUN,Central and Eastern Europe,6.000400066
590,Iceland,1.7,56974.0,82.9,84.8,36.5,0.35,1.0,13.3,93.9,ISL,Western Europe,7.504499912
591,India,2.2,9027.0,69.4,5.2,28.1,1.26,1.08,16.5,34.9,IND,South Asia,3.573299885
592,Indonesia,2.3,14841.0,71.5,8.3,30.2,1.25,1.0,3.7,56.6,IDN,Southeast Asia,5.285600185
593,Iran,2.9,17832.0,76.5,23.1,30.3,1.32,1.03,4.0,75.9,IRN,Middle East and North Africa,4.672399998
594,Iraq,3.7,18755.0,70.5,18.2,20.0,2.54,1.01,4.1,70.9,IRQ,Middle East and North Africa,4.784800053
595,Ireland,1.8,86988.0,82.1,106.3,36.8,0.26,1.0,10.9,63.7,IRL,Western Europe,7.093699932
597,Israel,2.4,40337.0,82.8,97.1,29.9,1.81,1.01,5.2,92.6,ISR,Middle East and North Africa,7.128600121
598,Italy,1.3,41582.0,83.6,90.4,45.5,0.32,0.93,5.5,71.0,ITA,Western Europe,6.38740015
599,Ivory Coast,4.6,4754.0,57.4,11.3,20.9,2.29,1.01,23.0,51.7,CIV,Sub-Saharan Africa,5.233300209
600,Jamaica,2.0,9932.0,74.4,56.8,26.0,0.21,0.98,2.0,56.3,JAM,Latin America and Caribbean,5.889800072
601,Japan,1.4,46827.0,84.5,45.9,47.3,-0.2,0.94,14.3,91.8,JPN,East Asia,5.870800018
602,Jordan,2.8,9939.0,74.4,29.8,22.5,2.19,1.11,3.7,91.4,JOR,Middle East and North Africa,4.633399963
603,Kazakhstan,2.8,30178.0,73.2,44.8,30.6,1.43,0.91,22.8,57.7,KAZ,Commonwealth of Independent States,6.057899952
604,Kenya,3.5,4078.0,63.3,14.3,19.7,2.7,1.0,5.6,28.0,KEN,Sub-Saharan Africa,4.583000183
607,Kyrgyzstan,3.3,4193.0,71.3,39.0,26.5,1.22,0.96,9.1,36.9,KGZ,Commonwealth of Independent States,5.541500092
608,Laos,2.7,8684.0,67.6,15.0,23.0,1.89,0.99,9.3,36.3,LAO,Southeast Asia,4.888599873
609,Latvia,1.6,32987.0,75.2,45.7,43.6,-1.6,0.86,17.2,68.3,LVA,Central and Eastern Europe,5.949999809
610,Lebanon,2.1,15599.0,78.9,63.1,30.5,0.96,1.0,3.2,88.9,LBN,Middle East and North Africa,4.771500111
611,Lesotho,3.1,3655.0,53.7,15.4,24.2,1.08,0.98,28.9,29.0,LSO,Sub-Saharan Africa,3.652800083
612,Liberia,4.3,1428.0,63.7,7.9,17.8,2.68,1.0,13.4,52.1,LBR,Sub-Saharan Africa,4.557899952
613,Libya,2.2,9446.0,72.7,28.6,28.9,0.84,1.05,5.5,80.7,LBY,Middle East and North Africa,5.488800049
615,Lithuania,1.6,38751.0,75.7,49.5,43.7,-1.48,0.86,25.7,68.0,LTU,Central and Eastern Europe,6.215499878
616,Luxembourg,1.4,112045.0,82.1,141.7,39.3,2.49,1.02,10.4,91.5,LUX,Western Europe,7.237500191
618,Madagascar,4.1,1776.0,66.7,17.6,19.7,2.8,1.0,6.9,38.5,MDG,Sub-Saharan Africa,4.165599823
619,Malawi,4.2,1292.0,63.8,5.1,16.5,2.86,0.98,7.8,17.4,MWI,Sub-Saharan Africa,3.538000107
620,Malaysia,2.0,34567.0,76.1,50.9,28.5,1.66,1.03,6.2,77.2,MYS,Southeast Asia,5.384300232
622,Mali,5.9,2569.0,58.9,19.0,15.8,2.99,0.95,8.9,43.9,MLI,Sub-Saharan Africa,4.729300022
623,Malta,1.2,49589.0,82.4,86.9,41.8,0.4,1.01,6.5,94.7,MLT,Western Europe,6.772799969
625,Mauritania,4.6,5158.0,64.7,29.9,20.5,2.49,0.93,7.5,55.3,MRT,Sub-Saharan Africa,4.374599934
626,Mauritius,1.4,26461.0,74.9,39.6,35.3,0.42,0.96,7.3,40.8,MUS,Sub-Saharan Africa,6.101299763
627,Mexico,2.1,21363.0,75.0,58.6,28.3,1.24,0.96,5.2,80.7,MEX,Latin America and Caribbean,6.465000153
629,Moldova,1.3,8161.0,71.8,22.7,36.7,-0.04,0.96,13.4,42.8,MDA,Commonwealth of Independent States,5.607500076
630,Mongolia,2.9,15089.0,69.7,108.8,28.3,1.52,0.95,13.3,68.7,MNG,East Asia,5.456200123
632,Morocco,3.1,9667.0,76.5,20.6,29.3,1.43,1.0,3.1,63.5,MAR,Middle East and North Africa,5.094799995
633,Mozambique,4.9,1372.0,60.2,5.6,17.2,2.5,0.97,8.4,37.1,MOZ,Sub-Saharan Africa,4.623600006
635,Namibia,3.4,11451.0,63.4,34.0,21.2,1.87,0.96,11.5,52.0,NAM,Sub-Saharan Africa,4.571100235
636,Nepal,1.9,3550.0,70.5,10.0,24.1,1.16,0.96,9.6,20.6,NPL,South Asia,5.137199879
637,Netherlands,1.6,60299.0,82.1,89.3,42.6,0.45,0.98,9.6,92.2,NLD,Western Europe,7.448900223
639,New Zealand,1.7,42045.0,82.1,142.1,37.9,0.63,1.0,11.6,86.7,NZL,North America and ANZ,7.299600124
640,Nicaragua,2.4,5297.0,74.3,14.9,25.7,1.46,0.95,11.9,59.0,NIC,Latin America and Caribbean,6.13710022
641,Niger,5.3,1152.0,62.0,11.2,15.4,3.84,0.98,9.0,16.6,NER,Sub-Saharan Africa,4.909599781
642,Nigeria,5.4,6172.0,54.3,8.6,18.4,2.79,1.02,17.3,52.0,NGA,Sub-Saharan Africa,4.724100113
645,Norway,1.6,79638.0,82.5,61.7,39.2,1.32,1.02,10.1,83.0,NOR,Western Europe,7.487999916
647,Pakistan,3.5,6016.0,67.1,12.3,23.8,2.69,1.04,3.1,37.2,PAK,South Asia,5.69329977
649,Panama,2.5,28456.0,78.3,54.5,29.2,1.64,1.01,4.4,68.4,PAN,Latin America and Caribbean,6.304800034
651,Paraguay,2.4,13213.0,74.1,70.3,28.2,1.72,1.0,9.3,62.2,PRY,Latin America and Caribbean,5.692100048
652,Peru,2.3,15399.0,76.5,34.5,28.0,1.25,0.96,5.1,78.3,PER,Latin America and Caribbean,5.796800137
653,Philippines,2.6,10094.0,71.1,31.1,23.5,1.72,1.01,3.7,47.4,PHL,Southeast Asia,6.006000042
654,Poland,1.5,35651.0,78.5,78.1,40.7,0.02,0.94,13.4,60.0,POL,Central and Eastern Europe,6.186299801
655,Portugal,1.4,34936.0,81.9,91.1,42.2,-0.29,0.9,8.6,66.3,PRT,Western Europe,5.910900116
658,Romania,1.8,29555.0,75.9,54.5,41.1,-0.27,0.95,8.0,56.4,ROU,Central and Eastern Europe,6.123700142
659,Russia,1.82,30820.0,72.4,51.0,39.6,0.4,0.86,26.5,74.8,RUS,Commonwealth of Independent States,5.546000004
660,Russia,1.6,30820.0,72.4,51.0,39.6,0.4,0.86,26.5,74.8,RUS,Commonwealth of Independent States,5.546000004
661,Rwanda,4.0,2642.0,68.7,4.4,19.0,2.77,0.96,11.0,17.4,RWA,Sub-Saharan Africa,3.312299967
666,Saudi Arabia,2.3,56912.0,75.0,44.6,27.5,1.88,1.3,3.4,84.3,SAU,Middle East and North Africa,6.406499863
667,Senegal,4.6,4079.0,67.7,17.7,18.8,2.92,0.94,11.8,48.1,SEN,Sub-Saharan Africa,4.980800152
670,Sierra Leone,4.3,1765.0,54.3,6.1,19.0,1.91,0.95,16.1,42.9,SLE,Sub-Saharan Africa,3.926399946
671,Singapore,1.1,105689.0,83.8,71.1,34.6,2.45,0.96,7.9,100.0,SGP,Southeast Asia,6.377099991
673,Slovenia,1.6,40344.0,81.2,88.0,44.5,0.26,1.0,13.3,55.1,SVN,Central and Eastern Europe,6.363399982
676,South Africa,2.4,13965.0,63.9,39.0,27.1,1.18,0.98,12.8,67.4,ZAF,Sub-Saharan Africa,4.814099789
678,South Sudan,4.7,1715.0,57.6,13.1,17.3,4.3,1.06,6.1,20.2,SSD,Sub-Saharan Africa,2.816600084
679,Spain,1.3,43007.0,83.4,118.6,42.7,0.09,0.98,6.1,80.8,ESP,Western Europe,6.400899887
680,Sri Lanka,2.2,14509.0,76.8,6.6,32.8,1.04,0.95,14.2,18.7,LKA,South Asia,4.327000141
683,Sweden,1.8,55989.0,82.7,76.1,41.2,0.71,1.0,13.8,88.0,SWE,Western Europe,7.353499889
686,Tajikistan,3.6,3751.0,70.9,8.7,24.5,2.45,0.99,3.3,27.5,TJK,Commonwealth of Independent States,5.555699825
687,Tanzania,4.9,3652.0,65.0,10.0,17.7,3.04,1.0,9.6,35.2,TZA,Sub-Saharan Africa,3.476200104
688,Thailand,1.5,21361.0,76.9,27.9,37.7,0.31,0.96,12.9,51.4,THA,Southeast Asia,5.998799801
691,Togo,4.3,1913.0,60.8,8.5,19.8,2.6,0.98,16.6,42.8,TGO,Sub-Saharan Africa,4.187200069
693,Trinidad and Tobago,1.7,33713.0,73.4,57.8,36.0,0.33,1.03,12.9,53.2,TTO,Latin America and Caribbean,6.191899776
694,Tunisia,2.2,13093.0,76.5,25.5,31.6,0.97,0.99,3.2,69.6,TUN,Middle East and North Africa,4.392199993
695,Turkey,2.1,29327.0,78.3,19.3,30.9,1.28,1.01,7.2,76.1,TUR,Middle East and North Africa,5.131800175
696,Turkmenistan,2.8,21855.0,68.1,41.7,27.9,1.29,0.98,7.2,52.5,TKM,Commonwealth of Independent States,5.119100094
697,Uganda,5.0,2753.0,63.0,11.7,15.8,3.35,0.94,20.0,25.0,UGA,Sub-Saharan Africa,4.43200016
698,Ukraine,1.3,10130.0,72.0,32.3,40.6,-0.25,0.86,18.5,69.6,UKR,Commonwealth of Independent States,4.56069994
699,United Arab Emirates,1.4,70441.0,77.8,74.4,30.3,3.1,2.56,2.7,87.0,ARE,Middle East and North Africa,6.790800095
700,United Kingdom,1.7,48169.0,81.2,79.6,40.5,0.75,0.99,7.6,83.9,GBR,Western Europe,7.164500237
701,United States,1.7,67426.0,78.9,124.8,38.1,0.74,0.97,13.7,82.7,USA,North America and ANZ,6.939599991
702,Uruguay,2.0,24516.0,77.8,98.6,35.0,0.35,0.94,16.5,95.5,URY,Latin America and Caribbean,6.440100193
703,Uzbekistan,2.4,9595.0,71.5,20.7,28.6,1.47,0.99,7.4,50.4,UZB,Commonwealth of Independent States,6.257599831
705,Venezuela,2.3,16055.0,72.1,56.6,28.3,1.53,0.99,3.8,88.3,VEN,Latin America and Caribbean,5.053199768
706,Vietnam,2.0,8677.0,75.3,28.6,30.5,1.06,1.01,7.0,37.3,VNM,Southeast Asia,5.353499889
709,Yemen,3.8,2312.0,66.1,14.7,19.5,2.33,1.02,9.8,36.6,YEM,Middle East and North Africa,3.527400017
710,Zambia,4.6,4174.0,63.5,11.9,16.8,3.19,1.0,11.3,44.6,ZMB,Sub-Saharan Africa,3.759399891
711,Zimbabwe,3.6,2778.0,61.2,15.2,20.0,2.7,0.96,19.1,32.2,ZWE,Sub-Saharan Africa,3.299200058
